6,12,22,47,63,63,47,39,34,17,14,12,31,42,29,24,16,12,11,39,44,73,78,71,64,41,29,14
10,21,32,66,103,81,62,62,45,26,16,20,47,56,44,27,23,18,16,62,82,110,109,92,74,56,41,21
11,20,33,70,114,73,66,59,39,28,19,21,51,67,43,30,16,23,23,55,61,126,111,98,85,61,38,21
9,17,25,78,96,74,61,51,34,23,15,17,48,51,31,27,20,17,17,56,60,104,98,100,78,51,38,22
9,18,30,59,98,77,59,55,37,19,14,22,50,54,34,21,20,17,20,52,62,103,112,96,66,53,36,19
10,20,32,75,111,79,80,43,32,22,20,17,50,62,42,32,19,20,19,56,75,118,124,113,92,71,42,17
6,15,27,50,68,72,58,46,38,21,18,16,41,57,25,26,16,13,14,42,66,91,82,86,59,52,34,18
7,14,22,44,73,49,57,40,22,17,13,14,33,43,26,19,12,13,13,40,54,90,68,65,57,44,32,15
8,20,25,57,86,84,53,43,30,20,16,17,41,46,33,19,20,16,14,54,53,94,82,98,68,50,33,17
12,20,32,68,108,74,61,53,39,27,21,20,54,57,34,31,21,21,20,53,67,125,103,95,89,63,39,19
10,22,32,64,107,89,68,58,44,28,21,18,46,65,41,29,20,17,17,53,56,113,117,105,72,64,43,21
8,13,21,50,78,56,46,36,27,17,15,15,29,44,24,22,12,14,14,41,48,77,84,74,57,38,27,14
10,21,30,76,96,96,72,51,41,27,16,20,44,60,41,36,21,21,17,60,71,106,103,121,76,65,41,16
7,15,25,61,95,70,41,36,37,16,15,17,32,50,32,22,18,14,14,48,64,92,80,78,58,41,36,16
9,15,20,46,55,60,56,41,27,17,14,14,30,41,30,19,15,14,15,37,44,72,77,64,50,46,24,13
10,22,25,71,87,79,60,43,32,21,21,18,39,54,36,27,15,17,21,53,63,104,111,83,82,41,32,15
9,19,29,57,85,71,70,51,37,26,18,17,40,59,31,30,18,18,17,56,67,113,88,90,79,47,40,18
10,20,24,74,114,89,67,55,39,26,16,23,53,58,42,30,20,19,20,59,73,121,130,102,83,69,48,23
10,16,25,64,106,89,74,55,39,23,20,22,51,53,34,28,18,20,20,63,77,120,108,110,83,60,43,21
10,21,31,72,112,96,76,57,36,30,19,24,37,58,35,30,16,20,21,52,72,115,108,102,74,53,47,18
6,12,20,50,65,60,48,33,26,18,13,13,35,42,29,16,14,13,13,39,48,76,61,77,56,39,29,14
7,16,19,54,60,54,43,44,31,18,15,14,34,44,28,19,12,16,15,42,51,82,86,79,56,45,28,15
10,23,28,67,118,72,62,45,43,25,13,23,42,55,33,30,18,18,24,56,72,101,95,94,81,62,41,19
6,14,18,48,67,62,49,30,27,21,14,13,38,41,29,21,16,13,14,48,37,77,81,63,65,40,27,16
8,23,27,68,84,85,69,66,39,24,22,23,54,67,44,31,19,20,18,55,69,117,103,105,82,55,40,18
11,20,30,69,74,97,71,52,42,24,20,21,43,65,38,26,24,21,21,53,67,106,103,99,70,62,43,21
9,19,28,74,76,98,74,59,36,27,19,22,53,67,43,36,20,17,20,59,67,114,120,96,76,62,50,19
5,15,20,51,81,74,57,43,27,19,14,13,46,48,29,22,16,16,15,45,57,79,71,74,58,49,29,14
7,13,21,41,60,49,39,33,31,17,12,15,35,33,23,19,12,11,13,41,49,63,80,64,48,37,20,11
11,21,28,55,85,89,73,50,45,23,19,21,55,56,47,32,22,18,19,63,69,115,130,113,90,58,30,19
12,22,33,61,79,93,78,52,44,21,18,17,54,49,44,31,18,19,16,65,76,125,122,79,94,59,37,19
9,21,34,64,116,86,73,56,42,23,20,17,52,55,43,30,21,20,19,57,77,130,102,109,76,62,34,21
7,18,25,55,87,74,60,44,36,22,17,16,45,50,32,24,17,15,16,51,55,79,98,74,63,60,30,15
11,19,30,61,92,94,77,47,39,23,17,21,45,52,44,30,16,21,18,64,72,129,103,110,77,57,39,22
8,17,25,56,81,64,55,44,34,19,17,16,45,45,28,24,13,16,14,58,56,98,77,80,61,46,28,16
4,10,17,34,49,41,35,26,19,14,10,11,19,32,20,15,9,8,10,25,31,63,53,44,33,22,21,9
10,19,25,64,122,83,81,43,40,27,23,18,51,59,41,34,17,19,19,69,59,126,95,107,87,56,39,24
9,24,23,53,100,91,75,50,38,23,19,22,54,63,41,30,19,18,18,51,73,120,130,97,83,54,37,20
10,17,34,74,101,83,66,46,37,23,22,18,48,56,39,29,21,23,23,53,62,112,128,95,82,50,38,20
9,17,23,64,98,80,71,53,38,29,21,18,45,61,34,23,20,16,19,59,66,111,82,100,66,55,42,21
9,19,30,62,81,67,72,47,38,19,19,19,39,55,28,24,17,20,19,52,65,119,100,92,59,59,33,19
8,13,23,57,78,65,61,44,31,21,16,15,39,45,28,24,15,14,14,51,51,97,76,85,56,44,33,14
7,12,19,46,70,54,41,33,31,14,13,13,36,42,26,22,14,12,13,43,48,81,84,68,59,44,28,16
11,17,38,64,92,84,72,52,42,23,18,23,55,58,40,30,20,22,19,60,72,134,112,94,79,63,36,22
9,18,26,47,85,67,57,46,34,22,14,15,38,46,28,27,16,15,15,59,42,83,89,73,78,46,31,17
13,20,29,75,97,95,74,49,41,24,24,21,59,60,45,29,18,20,21,61,72,114,105,101,76,46,38,20
11,18,36,76,97,83,68,50,43,25,21,20,55,56,34,30,20,18,22,59,78,105,92,90,90,80,44,22
7,16,25,45,58,59,46,42,29,18,16,15,32,39,31,19,15,14,14,39,49,71,72,58,61,40,27,13
8,16,27,61,87,72,55,43,33,21,15,18,42,39,36,24,14,16,14,52,67,101,84,78,65,50,33,13
7,15,20,48,70,58,48,40,26,17,16,16,39,44,32,21,14,17,13,41,48,81,76,76,54,39,31,13
9,19,26,80,107,90,55,48,40,28,23,18,65,56,43,25,23,21,20,58,75,126,115,88,78,55,38,21
8,19,29,53,82,78,69,51,34,22,16,18,46,54,40,28,17,19,19,46,66,124,120,89,74,48,41,14
8,19,26,59,88,73,64,44,34,24,17,19,48,50,31,27,18,15,21,61,66,97,89,92,73,55,34,19
9,18,32,68,95,75,73,59,39,28,20,22,44,66,35,29,20,20,20,58,75,117,92,111,87,63,41,23
11,23,32,75,99,94,66,64,33,23,21,16,50,55,42,28,21,21,18,67,70,112,108,103,88,65,39,17
8,16,23,52,83,70,54,40,30,20,16,18,40,52,30,20,14,16,17,46,53,82,95,78,62,53,29,12
5,11,17,40,59,43,37,29,21,14,11,9,27,32,23,14,12,11,12,34,37,61,54,47,53,29,22,9
9,16,30,50,84,81,72,54,42,27,20,22,54,65,38,29,22,22,22,71,70,128,111,114,74,50,48,20
9,22,29,68,105,80,62,53,39,22,23,16,48,52,41,30,22,17,21,70,76,108,94,104,78,62,41,21
7,14,20,48,68,56,54,37,29,15,16,13,36,38,28,24,17,15,12,39,51,68,76,65,54,40,29,13
9,21,27,83,93,73,59,56,43,22,23,19,46,61,39,27,21,18,19,71,67,116,115,100,76,59,45,19
11,21,29,62,92,78,60,59,42,31,22,22,46,64,36,32,15,21,19,49,64,118,107,106,85,52,44,19
8,16,20,59,78,78,52,41,33,23,15,16,32,40,32,25,14,17,15,44,52,94,92,90,65,56,36,15
7,14,21,43,58,55,46,39,27,16,11,13,32,35,24,18,11,14,12,28,45,77,71,63,61,39,23,13
8,19,23,62,74,79,72,47,37,20,19,17,46,65,36,29,20,17,19,52,62,99,86,95,66,62,33,15
10,16,30,73,100,86,73,62,46,23,21,20,52,48,38,30,17,22,17,59,72,101,109,95,74,50,44,16
9,18,25,74,99,95,71,68,38,25,21,20,51,67,49,30,20,22,19,56,76,113,109,93,81,69,48,16
10,19,27,64,95,86,78,49,38,24,18,21,53,57,39,36,19,20,18,59,71,108,110,89,78,53,33,23
9,16,21,55,79,60,52,38,34,17,13,14,41,49,33,25,15,19,14,51,59,89,97,85,63,38,35,16
8,15,21,65,78,73,56,39,32,22,19,17,45,40,35,21,16,17,16,41,56,92,78,79,70,56,37,13
7,14,20,48,67,66,50,44,27,19,15,14,39,41,23,22,14,12,12,40,53,75,87,76,45,46,27,13
7,15,22,50,74,55,46,42,26,19,12,15,33,40,32,14,13,12,15,34,53,97,73,85,48,48,28,13
9,21,29,65,92,78,66,55,45,28,21,20,48,55,37,27,21,20,19,64,69,112,109,105,79,49,37,19
10,17,35,65,120,77,58,59,38,26,18,20,40,51,36,27,18,21,20,55,75,95,103,99,80,64,36,19
11,21,32,69,106,90,71,43,46,26,23,23,53,64,36,31,22,19,20,60,65,114,94,104,70,57,34,21
9,16,29,68,95,74,77,43,32,23,15,17,46,50,36,29,18,19,17,61,73,96,87,92,72,56,43,19
8,15,25,48,53,67,52,37,27,15,13,14,37,47,28,21,15,14,16,54,55,90,78,88,60,47,27,15
8,13,21,55,71,66,47,34,31,19,15,14,30,47,28,20,15,15,12,40,48,74,74,60,67,49,25,13
11,20,32,67,113,71,65,60,43,24,16,19,52,55,39,30,20,24,17,50,63,119,92,87,79,54,42,17
10,20,29,75,96,78,64,60,45,20,19,19,48,62,44,28,18,19,21,52,66,125,94,103,93,61,51,19
7,11,25,55,76,70,62,43,35,24,13,15,36,53,38,24,17,13,17,50,59,84,98,82,53,49,28,17
10,17,32,77,103,89,83,65,40,26,19,23,46,57,44,30,19,18,21,70,57,106,125,104,81,64,36,21
9,19,31,80,123,83,71,68,37,24,21,25,47,62,40,32,20,22,19,62,76,104,124,101,68,70,40,20
6,11,17,41,56,49,33,31,21,16,10,12,27,30,24,16,13,11,11,36,33,61,49,57,43,35,21,10
7,14,25,47,71,62,49,41,27,20,17,13,28,42,30,21,14,15,14,46,58,82,77,57,59,44,26,15
9,21,33,71,102,70,74,50,38,28,19,21,55,68,40,32,21,23,21,58,81,127,122,99,96,57,41,22
9,18,32,86,113,98,55,63,32,30,21,20,51,53,39,35,18,23,17,60,73,100,130,111,79,56,36,19
9,19,29,52,97,64,66,52,31,21,18,19,44,53,35,25,18,19,17,51,56,109,124,92,82,56,32,18
9,14,26,50,91,72,68,46,36,26,20,17,38,59,36,27,15,20,18,52,64,97,102,94,81,61,40,19
11,21,33,77,101,78,73,51,41,23,21,18,48,52,40,30,17,17,22,59,75,101,107,109,76,72,38,19
9,16,25,51,101,67,53,36,32,23,14,17,37,50,27,27,17,14,17,41,61,114,106,94,56,53,27,15
7,13,20,53,59,59,37,33,29,15,15,15,37,37,35,19,14,14,15,37,48,90,67,63,57,37,26,14
8,14,22,60,84,72,58,45,32,18,14,15,38,49,27,24,17,14,17,51,53,84,73,81,60,56,35,16
9,21,33,78,105,91,65,58,35,25,21,16,42,59,37,28,23,20,22,52,86,114,115,103,86,73,36,18
9,20,28,72,97,68,71,62,37,23,19,20,50,66,37,31,21,17,21,55,68,111,110,95,70,54,42,19
8,15,19,50,73,45,42,40,30,15,14,14,38,44,32,21,15,17,14,47,44,82,82,60,53,36,27,14
11,20,30,70,104,86,59,55,39,24,19,18,51,56,35,25,21,18,20,68,73,126,117,99,93,58,35,24
9,14,23,56,86,71,50,45,38,19,16,15,37,47,35,23,15,14,15,47,57,94,75,89,70,45,32,16
7,14,20,49,66,55,43,35,36,17,12,11,36,37,28,22,16,16,14,40,47,82,62,62,56,49,26,13
10,17,30,70,94,86,62,50,47,20,19,20,50,58,38,29,18,20,19,60,58,104,122,82,74,54,32,21
9,22,29,61,79,62,65,45,35,21,17,16,43,68,39,27,16,17,20,60,63,96,100,95,66,58,31,18
9,22,26,75,87,92,58,52,45,26,22,17,43,62,40,29,20,22,22,61,65,116,119,119,84,54,47,20
9,20,30,71,111,88,71,54,37,22,19,20,49,63,43,31,22,19,23,56,75,115,96,104,86,60,43,23
8,17,31,79,98,92,71,63,35,24,16,22,46,73,40,24,18,22,24,52,77,112,116,100,74,56,38,17
6,14,18,48,55,57,46,33,26,18,11,14,29,37,30,21,11,14,11,48,37,67,75,68,62,31,23,12
6,13,21,57,69,47,53,43,25,18,15,14,39,45,29,19,14,15,14,44,41,89,87,84,49,35,27,15
10,21,33,66,113,72,71,54,40,27,19,19,52,58,33,27,20,23,18,68,74,115,119,115,79,62,37,20
8,13,20,45,66,55,53,37,30,18,12,15,38,46,28,18,15,14,14,37,60,58,81,74,61,47,28,15
10,20,27,78,95,72,66,57,43,31,23,18,51,58,36,31,21,19,22,66,75,124,104,94,71,66,38,18
11,21,28,71,125,90,73,54,31,24,20,19,45,69,45,25,19,20,19,65,79,104,103,80,80,59,34,19
11,21,31,67,97,89,71,51,31,29,16,18,48,67,38,28,19,19,21,58,62,122,86,108,90,51,35,19
8,16,23,48,65,57,43,49,31,21,17,13,38,43,30,17,15,14,15,43,43,79,90,68,48,46,30,14
7,11,18,37,64,52,43,34,30,17,14,13,34,33,29,20,13,15,10,30,45,82,59,54,47,34,21,13
12,18,33,54,85,75,65,55,44,26,19,20,48,55,41,26,17,20,17,62,70,113,119,107,78,45,41,20
11,20,31,64,94,95,75,48,42,23,19,20,45,56,47,29,21,21,19,65,81,134,99,102,75,65,45,20
10,17,31,73,102,74,64,49,44,25,24,24,53,63,39,32,22,17,20,61,64,88,106,119,83,73,36,23
8,15,22,51,89,69,52,46,31,20,16,16,39,40,36,18,16,17,19,54,46,82,80,75,70,51,29,14
8,15,36,78,92,90,71,47,35,19,21,19,47,62,37,32,18,23,22,58,66,107,95,107,82,65,36,20
8,17,21,53,85,63,51,41,31,23,18,19,43,57,33,26,18,16,16,51,49,102,82,79,63,61,35,16
4,9,11,29,48,44,39,27,19,13,9,11,26,32,18,13,10,10,7,31,32,63,61,49,43,28,18,10
12,19,30,62,103,89,74,54,44,24,19,20,39,55,38,29,21,23,16,66,59,120,97,93,78,55,41,23
10,23,30,67,117,89,59,50,42,23,21,20,54,55,44,28,20,21,20,67,70,126,109,77,71,62,51,20
9,20,27,73,106,92,72,57,37,28,20,21,46,60,39,34,19,18,21,64,79,113,133,98,96,61,42,22
8,19,32,74,96,75,68,45,34,19,20,21,41,59,31,27,19,19,21,53,62,111,117,90,83,53,35,19
7,15,25,53,92,71,61,56,33,25,17,16,38,51,34,26,18,21,20,52,46,110,97,85,73,50,37,17
7,13,24,59,71,66,59,48,38,16,14,16,47,60,37,26,16,19,15,38,48,78,89,74,50,52,28,16
5,14,19,52,70,54,51,38,32,18,15,14,30,49,27,20,11,13,14,47,52,101,82,70,56,40,28,12
10,18,30,69,113,82,65,64,42,23,19,19,48,67,41,28,21,21,18,63,74,106,121,104,89,64,38,20
8,15,26,57,60,55,54,46,28,22,13,14,32,52,31,26,18,18,17,57,58,98,112,84,72,48,36,17
11,17,32,75,91,89,64,56,45,28,20,22,56,58,35,32,19,20,19,64,66,141,109,101,80,67,39,18
11,23,28,56,90,88,71,47,37,26,19,21,44,57,44,31,19,20,18,58,81,125,124,101,78,59,44,19
7,13,22,47,71,56,49,41,30,18,13,13,36,52,29,26,15,13,15,40,54,86,91,64,51,45,28,13
8,15,23,52,83,64,65,44,34,21,14,17,39,44,27,25,16,15,13,50,53,92,81,90,67,46,36,16
7,14,22,52,68,67,56,38,24,18,11,15,37,46,26,22,14,16,12,42,45,106,71,69,58,44,27,14
11,19,27,66,70,79,72,54,38,23,25,22,46,62,38,32,21,22,21,62,65,107,120,101,71,58,41,20
9,17,25,63,95,85,68,45,38,21,18,19,49,55,34,32,21,18,18,46,64,105,97,81,70,54,40,20
10,15,28,59,80,70,67,50,35,19,15,16,41,57,34,29,19,23,21,51,62,113,98,77,65,45,33,17
10,17,28,75,86,91,70,57,37,28,18,18,46,57,39,30,18,24,20,52,67,120,137,112,79,53,46,21
10,16,33,58,107,94,68,59,42,21,19,17,55,62,41,36,24,22,22,65,78,123,98,92,87,57,40,20
8,14,26,56,100,69,66,39,37,16,18,17,38,55,32,22,17,18,14,38,54,95,81,87,57,50,33,16
6,12,17,36,60,55,42,31,24,13,11,11,28,36,23,18,10,11,12,36,36,61,66,56,50,35,20,10
10,17,33,73,96,84,84,61,41,24,20,20,48,69,45,31,22,21,19,59,68,120,128,99,75,64,35,18
11,18,34,69,101,80,60,61,43,23,19,18,45,62,42,37,21,22,22,46,62,117,122,110,75,67,35,21
8,13,21,41,80,60,54,31,27,17,15,11,32,42,28,19,13,13,13,42,45,79,84,72,65,44,32,17
11,21,32,74,89,80,63,51,43,23,19,21,49,57,46,29,20,19,20,54,73,125,101,108,64,67,35,22
11,21,31,65,99,85,75,54,41,23,21,18,39,61,40,30,22,21,19,68,69,119,103,115,72,53,44,20
7,16,23,48,85,73,57,41,29,23,16,16,34,40,36,21,13,17,16,61,60,87,95,84,66,41,34,18
6,14,18,39,54,55,49,37,26,18,12,13,30,35,26,19,11,14,15,41,51,67,79,59,52,36,23,11
9,20,30,63,93,82,64,60,37,19,19,21,49,63,39,26,17,20,20,54,66,106,104,96,71,58,37,17
12,20,30,76,109,90,64,53,39,28,19,19,43,54,46,29,21,17,23,65,70,113,128,113,73,65,41,21
9,17,34,75,102,81,70,49,42,22,19,23,45,63,44,32,19,18,21,58,61,130,109,101,87,62,43,16
11,18,34,71,98,94,71,45,41,29,24,22,42,63,48,28,19,22,23,65,69,101,113,96,70,57,39,19
8,18,27,60,75,76,59,44,28,19,17,15,43,47,34,21,15,19,16,49,62,98,94,87,63,55,30,16
9,18,26,58,86,72,55,44,31,19,18,17,45,39,31,26,17,19,14,52,60,90,81,86,61,50,34,18
7,17,18,52,56,63,51,31,31,20,16,14,34,45,29,21,15,11,15,40,51,85,75,67,50,47,26,15
7,15,20,41,57,63,46,37,30,18,13,13,27,42,29,22,13,11,14,48,52,82,77,73,66,43,29,13
12,18,32,68,98,91,59,66,41,24,20,22,47,49,42,33,20,22,18,71,70,102,100,104,85,59,32,19
11,20,33,68,100,65,77,57,38,22,23,20,54,73,42,28,18,17,21,58,68,130,122,92,76,56,47,17
10,23,30,78,113,89,76,52,36,25,20,19,48,66,47,28,20,24,21,64,64,128,104,99,80,63,40,20
10,17,31,72,95,78,63,50,30,21,16,20,44,53,40,27,19,19,18,58,66,87,98,105,79,50,38,20
8,12,22,41,83,59,54,35,32,17,14,15,36,45,24,20,15,14,16,46,49,75,87,69,68,51,25,14
6,14,20,44,74,68,53,31,29,19,13,12,36,33,27,22,13,16,14,41,50,71,92,70,66,46,29,15
12,18,39,56,97,91,71,42,48,30,21,18,48,48,40,28,19,17,20,65,70,107,97,96,70,51,46,18
12,20,32,77,84,84,70,64,39,27,23,19,61,61,40,23,23,21,24,45,67,131,103,94,84,60,47,20
9,16,24,51,86,66,63,41,30,24,16,16,46,48,35,22,14,18,17,47,48,85,84,69,67,52,31,18
10,22,31,65,95,89,74,58,37,24,18,20,52,48,37,27,20,17,22,57,68,114,120,79,71,64,40,17
10,22,32,69,104,81,74,50,43,29,21,19,46,50,39,34,21,16,22,66,68,122,94,95,85,67,41,19
6,11,13,44,56,53,38,34,25,17,11,12,28,29,24,17,9,8,13,39,39,82,73,52,36,25,24,12
6,13,19,51,66,63,47,39,24,17,13,14,33,52,28,23,13,13,13,40,54,75,90,64,54,42,27,13
9,23,27,80,122,85,76,57,38,24,20,21,45,62,41,24,21,20,19,72,63,114,104,82,71,59,40,21
9,18,30,58,92,89,61,50,43,28,22,20,53,64,43,23,19,24,19,70,69,124,108,104,97,57,35,21
8,17,24,68,75,72,61,59,44,23,17,16,53,51,36,32,15,17,15,52,57,114,107,86,80,52,36,17
9,16,22,71,84,71,55,47,41,23,16,18,44,54,34,30,18,19,18,53,65,108,84,87,74,57,36,19
10,20,33,76,98,79,79,53,45,26,19,21,60,62,42,32,19,19,19,54,73,124,107,99,79,63,33,23
9,15,20,59,77,67,52,47,31,20,17,17,41,50,34,24,13,17,18,47,47,94,85,97,61,56,27,18
7,15,20,54,61,53,48,40,26,19,17,14,36,46,28,21,13,17,14,49,39,86,63,73,55,33,29,14
7,16,26,51,76,81,59,46,32,21,16,14,32,46,29,23,15,17,14,56,53,91,85,81,70,53,35,17
10,20,25,81,81,85,70,55,40,23,20,20,59,60,40,33,20,18,18,60,52,116,97,93,79,60,43,19
10,20,26,71,81,91,66,53,38,25,22,20,55,59,41,29,19,19,21,51,67,109,122,105,73,45,45,23
8,13,22,50,72,64,46,32,27,19,12,15,27,43,33,23,15,12,15,35,58,76,72,67,53,41,26,13
11,25,30,57,106,100,70,59,41,27,20,18,46,67,38,29,20,20,18,58,87,111,117,111,64,51,38,18
8,16,22,49,68,66,61,47,32,20,16,16,39,49,31,20,15,15,14,50,48,97,74,80,67,55,32,16
6,13,23,60,82,55,50,40,27,18,14,13,42,45,26,22,14,15,14,44,44,80,85,78,65,36,30,12
9,17,29,63,92,91,56,47,39,21,20,19,37,51,37,27,15,17,21,52,67,101,88,87,72,51,33,20
11,16,31,48,98,71,65,54,29,19,18,16,42,51,36,22,20,19,17,53,61,87,98,79,77,58,36,16
8,20,27,67,103,84,70,58,42,27,17,23,45,60,38,30,21,19,19,57,60,125,124,91,77,60,45,19
10,21,25,69,114,91,70,57,29,21,23,17,50,50,42,25,21,22,22,63,70,99,132,92,95,64,33,21
10,22,33,76,98,89,68,58,38,26,19,20,58,56,39,33,19,20,19,56,78,89,117,112,76,54,29,18
7,13,19,49,50,45,49,35,25,19,13,10,37,37,23,22,16,12,13,41,47,57,69,66,52,41,29,11
8,14,25,47,78,53,51,42,29,18,15,13,38,44,30,18,13,13,15,46,61,70,84,76,54,36,23,13
8,22,28,63,90,84,75,54,43,24,18,21,51,64,42,31,17,21,20,68,62,130,111,81,86,55,44,22
7,11,19,51,83,61,45,36,27,19,13,12,36,40,27,20,13,18,14,40,44,94,78,76,53,41,29,14
10,18,28,78,87,82,73,58,41,22,19,18,53,51,45,30,22,19,21,53,64,102,92,92,88,64,34,20
10,18,32,83,112,80,68,52,36,30,22,21,44,49,40,29,21,22,18,59,71,108,112,108,86,52,42,20
10,20,27,70,104,91,77,50,36,23,22,20,52,56,38,36,20,24,17,71,76,118,102,96,85,54,33,20
9,15,19,57,80,55,59,41,31,18,14,10,37,41,29,22,13,15,16,41,51,78,67,71,64,39,26,15
6,13,21,46,55,54,39,37,24,15,15,11,33,37,25,18,12,13,12,38,47,73,60,65,48,43,24,13
10,22,32,77,91,72,72,64,37,24,19,22,50,60,38,34,20,23,20,60,78,125,112,111,79,68,36,20
10,18,34,74,94,82,53,54,43,24,21,20,49,63,40,32,26,20,15,54,86,101,100,100,73,55,41,19
10,21,31,61,102,75,73,51,44,23,21,17,51,58,42,34,21,22,19,54,60,107,110,84,68,64,41,20
8,16,25,55,83,74,57,45,30,21,17,13,36,48,34,22,14,18,14,46,68,99,83,74,64,40,29,15
10,19,30,69,92,70,79,56,39,24,20,21,42,58,49,27,20,20,20,55,67,97,106,103,88,48,35,18
9,17,27,54,75,62,53,39,27,23,15,15,34,57,30,22,15,18,17,56,51,88,95,85,77,33,36,19
5,10,14,34,48,38,36,25,22,12,11,13,23,25,18,16,11,10,10,31,36,69,58,60,41,28,17,11
13,20,26,69,80,96,71,64,34,32,22,19,51,69,41,27,17,21,21,67,66,119,111,93,71,68,41,23
10,20,34,55,115,91,64,48,38,26,19,19,48,54,43,31,19,24,21,73,69,125,123,101,79,72,35,20
12,22,32,69,94,84,71,54,41,23,21,20,59,53,49,31,19,21,20,65,68,114,109,105,76,67,45,22
10,20,28,66,85,83,63,49,33,22,15,16,50,59,36,26,17,18,19,48,56,113,108,90,69,52,37,16
9,16,30,61,93,73,65,56,36,21,14,17,44,49,32,29,20,19,19,60,65,104,111,83,71,48,29,19
8,16,26,64,77,70,54,46,33,16,18,17,44,53,29,16,16,17,16,47,62,87,92,76,74,49,30,15
7,13,22,52,71,58,44,30,29,14,16,15,32,44,27,22,14,13,14,42,62,80,63,68,65,42,31,13
10,19,26,58,83,93,85,56,40,24,19,20,56,70,37,33,19,21,17,66,50,123,135,99,81,49,42,24
9,13,20,62,79,73,63,40,38,19,18,16,38,55,31,26,15,16,15,51,55,111,97,97,69,50,29,15
9,21,26,71,92,81,65,50,41,24,22,20,53,59,34,27,19,20,17,54,67,108,96,102,89,58,43,18
9,19,27,77,90,82,73,49,48,24,19,19,53,54,43,28,18,24,17,57,67,126,116,110,97,60,28,21
7,13,19,45,85,60,44,47,35,18,17,14,32,42,24,23,16,13,13,40,50,72,71,61,51,41,30,13
8,15,24,57,83,54,67,44,37,17,15,16,36,51,35,23,14,17,14,46,57,109,98,70,70,49,28,16
7,11,19,52,85,59,50,32,29,19,14,12,35,41,26,22,15,15,14,42,51,83,81,60,54,44,22,14
9,17,27,88,97,70,68,56,41,30,22,19,49,57,36,25,21,18,20,50,60,119,103,95,87,62,45,19
9,18,26,60,100,66,70,52,40,24,19,17,45,57,48,24,20,17,20,49,69,122,92,89,73,56,34,17
9,18,29,68,101,73,71,50,40,23,17,19,43,55,37,29,19,16,18,53,66,94,102,85,76,54,36,17
10,21,31,67,102,81,77,62,30,28,21,19,56,67,31,26,22,19,19,66,74,123,110,100,92,60,39,17
9,19,27,68,92,86,66,54,47,24,21,22,52,58,40,31,20,19,22,56,65,90,100,89,79,60,43,20
8,14,26,63,75,63,65,39,43,24,16,17,29,46,32,25,16,17,19,55,62,83,90,80,65,53,41,15
5,12,18,41,51,48,48,32,22,16,11,9,29,29,23,17,11,12,11,42,41,57,68,54,47,35,21,11
10,21,29,70,94,88,67,66,45,25,21,18,51,67,35,30,22,19,17,69,71,116,106,88,83,61,39,20
9,17,30,80,99,84,63,62,43,24,22,19,50,57,44,31,21,18,25,65,64,129,136,99,69,51,44,20
7,16,24,49,67,63,46,44,27,17,15,13,35,45,29,17,15,12,12,40,58,91,68,75,49,33,30,13
10,19,31,59,94,85,87,57,48,26,18,16,57,63,47,30,20,21,19,63,75,116,98,103,74,68,42,18
9,21,27,77,100,98,78,54,40,27,19,22,52,60,39,30,17,20,19,59,77,113,108,103,86,51,42,21
6,13,24,67,76,62,52,45,31,20,16,14,38,52,29,22,16,17,17,37,52,91,108,98,60,46,30,16
5,14,18,40,61,48,45,38,28,15,12,14,34,40,25,21,12,14,13,38,40,66,67,73,46,36,25,14
9,19,25,57,108,73,59,52,41,21,18,17,48,57,37,29,17,19,21,52,67,103,87,83,75,65,36,18
11,21,30,62,87,86,56,57,35,25,22,20,49,59,38,26,22,21,22,62,86,117,103,102,86,55,40,21
10,19,29,70,105,91,61,52,46,32,17,21,44,49,45,35,20,20,22,60,73,129,99,97,70,64,46,21
9,18,27,81,112,88,70,50,43,24,20,19,53,61,39,36,20,21,21,63,76,115,96,98,84,65,44,23
8,17,28,57,77,64,62,40,36,21,17,16,34,60,30,20,15,15,15,46,58,99,91,84,58,42,33,17
7,19,25,53,63,58,56,41,36,20,14,16,35,51,30,23,14,16,17,40,63,97,78,91,60,44,30,16
8,10,20,53,58,50,50,37,33,16,12,14,35,40,27,20,16,14,14,38,50,69,83,68,59,42,27,14
7,13,19,39,71,65,55,37,25,19,13,12,32,41,32,21,15,13,14,49,57,72,73,69,52,40,31,13
11,21,31,60,93,96,62,56,41,29,19,21,47,64,42,25,21,21,22,57,67,112,112,113,76,58,43,23
10,22,32,69,98,77,71,49,47,24,21,20,53,63,43,24,21,24,22,60,72,110,92,87,70,57,37,18
11,21,29,80,111,64,64,53,38,23,23,19,55,58,47,33,22,21,19,66,67,108,113,96,78,65,41,20
7,19,28,64,85,61,56,43,42,21,17,18,43,51,31,31,16,18,18,63,56,103,107,95,78,49,34,16
8,14,22,52,77,51,52,42,31,18,16,12,32,42,27,20,16,15,16,41,52,96,82,67,69,41,29,13
8,13,21,52,75,60,46,32,27,20,15,13,33,39,25,19,13,14,13,39,56,79,79,69,52,41,20,11
12,21,34,68,99,87,68,72,42,26,21,22,51,62,41,27,20,19,21,51,81,113,99,90,89,66,45,22
11,21,27,61,101,83,65,56,38,28,19,20,45,68,43,30,20,18,17,54,73,116,109,91,70,59,43,20
9,19,24,45,78,66,42,36,31,21,16,16,38,40,33,25,15,15,18,52,52,76,88,82,65,54,35,14
9,25,32,68,120,86,80,54,41,29,27,23,58,60,36,26,19,18,24,45,63,121,113,92,83,58,41,24
10,19,29,67,102,79,57,60,44,25,20,21,53,68,43,31,21,21,18,65,77,115,92,113,78,63,42,18
6,10,17,46,44,47,38,29,22,13,10,12,24,34,23,15,10,12,11,32,42,51,63,60,53,32,22,12
6,17,21,53,76,53,50,42,30,18,13,14,29,41,27,17,13,17,13,39,52,77,74,80,49,29,23,12
11,19,27,69,100,73,63,51,33,24,21,20,60,52,41,23,21,17,17,55,73,110,105,79,86,65,38,21
9,21,32,60,88,85,69,59,39,21,19,18,47,53,35,29,20,21,21,53,67,121,118,74,60,54,38,21
9,22,29,61,82,80,67,58,34,23,14,19,44,52,41,24,16,17,18,57,74,115,106,93,70,60,42,17
8,14,25,73,109,70,55,54,36,21,16,22,53,62,38,26,20,17,17,56,66,111,102,88,66,47,41,18
11,18,30,73,91,97,66,56,36,28,22,23,52,66,35,33,23,22,20,65,67,109,107,116,77,66,39,23
8,16,26,65,78,69,54,43,31,17,14,16,41,53,28,24,17,16,18,43,56,80,84,87,51,42,33,17
7,13,21,53,73,54,52,37,31,16,16,14,33,41,26,23,15,15,12,39,44,83,85,66,54,40,31,15
7,14,19,55,81,60,55,43,35,21,15,17,39,48,30,25,17,17,18,46,53,102,89,79,71,58,31,15
9,16,33,53,93,71,68,52,39,29,18,20,49,57,40,28,21,23,23,61,65,97,114,113,77,63,41,23
9,23,28,70,113,83,76,43,42,24,21,21,44,55,41,29,18,19,21,54,54,112,121,106,77,54,35,19
6,15,20,59,67,68,52,37,29,21,11,14,36,45,28,22,16,15,17,47,55,81,66,68,57,42,32,15
11,20,32,76,116,85,72,45,45,26,19,22,51,61,42,27,14,21,21,67,58,110,137,96,75,52,41,18
10,15,24,57,82,62,49,38,31,23,14,16,45,49,31,26,15,16,16,50,55,87,79,99,54,46,35,18
7,13,22,42,73,57,44,41,31,16,15,16,38,40,25,23,15,13,11,39,49,83,83,68,49,42,24,12
10,19,28,64,83,70,68,49,31,21,18,16,43,50,35,27,16,20,20,57,71,98,110,76,70,66,32,16
10,18,27,67,90,86,63,46,38,27,21,19,46,48,29,28,17,21,21,54,61,109,98,100,74,49,36,18
10,21,32,77,106,82,67,58,46,25,19,24,34,56,39,29,20,22,20,55,72,102,116,86,83,57,45,17
10,19,33,82,102,101,73,57,41,28,22,21,49,60,46,32,22,25,17,55,64,109,129,109,96,57,43,20
10,16,26,68,90,70,70,54,35,28,23,21,59,69,45,25,20,22,21,52,63,130,119,98,74,55,42,20
6,12,21,47,64,48,49,33,27,17,13,15,33,33,27,17,13,15,14,36,45,87,65,64,44,38,26,12
6,13,21,56,71,77,53,42,25,16,12,12,30,48,25,20,15,16,14,42,44,71,77,68,47,40,27,11
11,18,27,67,97,90,66,62,40,26,21,19,56,59,37,32,20,18,19,61,72,123,111,97,79,60,38,22
7,14,21,51,75,58,50,36,27,19,15,14,37,38,30,20,13,13,14,48,47,62,75,75,53,36,30,14
9,22,25,67,91,101,59,65,36,21,20,24,42,63,42,29,20,21,18,58,62,116,108,98,83,61,49,18
11,19,25,84,85,87,73,49,33,27,22,19,41,46,39,26,21,18,18,67,54,128,105,92,76,60,39,20
12,22,30,80,114,72,62,54,42,32,21,18,41,55,39,34,21,22,17,63,69,118,104,103,87,70,38,18
7,15,19,51,74,65,50,32,27,18,14,11,37,42,30,20,15,13,14,34,42,83,81,77,53,46,27,15
6,13,20,48,61,48,36,35,30,17,13,13,31,36,25,19,12,11,12,32,51,78,72,55,46,38,27,12
9,21,34,58,95,96,61,66,36,28,19,22,50,63,41,26,22,21,18,66,52,116,102,120,80,54,47,20
8,21,27,76,88,80,75,36,37,25,20,20,48,55,36,30,19,21,18,65,75,110,103,84,66,57,35,22
9,17,31,77,93,83,68,47,42,25,22,19,53,58,39,34,19,21,21,68,65,112,125,108,86,56,44,21
10,17,22,73,88,69,50,37,30,21,15,16,42,35,36,25,16,16,16,47,52,79,82,79,71,46,31,17
10,20,28,74,92,87,78,67,43,23,22,21,44,60,45,28,19,19,19,66,57,126,114,94,85,53,46,18
9,15,27,50,85,68,57,42,36,22,17,19,44,42,24,25,17,17,17,48,39,95,81,92,65,49,33,19
6,9,15,24,52,38,34,29,22,11,10,10,24,32,20,17,8,9,11,30,38,55,53,47,39,30,19,10
8,22,32,73,107,86,62,60,34,22,24,19,47,56,42,24,22,21,18,66,77,116,112,98,86,58,36,17
9,21,34,77,109,82,66,59,40,23,22,18,54,48,35,31,24,23,22,65,74,113,119,98,87,68,42,18
9,18,29,64,93,76,84,55,38,26,19,22,54,70,43,31,22,21,22,59,86,138,111,100,84,57,37,21
10,16,24,65,89,84,59,55,32,22,21,20,39,52,39,31,18,21,14,52,56,107,118,108,60,43,39,19
9,18,30,67,100,75,53,49,37,22,15,17,45,53,37,25,15,17,21,54,62,99,92,88,65,59,26,18
6,13,28,60,85,71,58,46,35,19,20,18,39,46,44,23,16,18,14,49,52,88,75,79,52,43,29,16
6,13,23,36,73,59,55,35,33,17,14,14,36,46,28,25,13,11,14,44,49,75,82,63,55,41,27,14
9,20,35,67,110,87,78,58,40,22,20,19,47,59,42,25,19,20,17,53,74,123,109,108,80,60,43,18
8,18,24,65,79,72,51,41,33,17,17,17,36,44,29,22,14,14,15,56,56,93,80,73,64,49,33,17
8,22,33,71,116,93,76,49,39,27,21,17,57,68,41,25,16,22,18,62,66,108,96,82,88,61,41,20
9,19,27,58,110,87,70,64,46,26,22,22,46,64,43,29,23,19,18,51,65,120,97,100,85,56,34,21
7,18,20,41,68,60,47,41,28,18,14,14,37,43,24,20,11,16,13,42,41,78,82,65,58,35,25,12
9,12,28,55,97,65,55,43,36,19,19,15,41,47,33,22,15,15,14,47,65,95,79,86,63,51,26,15
6,15,22,48,68,53,56,44,30,18,14,14,30,40,25,23,13,14,15,45,52,84,78,72,58,37,29,15
10,20,23,72,97,85,75,51,39,26,21,20,49,62,45,30,20,24,22,59,72,107,103,91,78,67,40,20
9,16,31,66,89,68,60,48,34,26,19,20,50,63,39,31,21,20,15,45,66,111,103,96,74,48,37,16
8,20,27,64,93,70,60,57,29,18,18,20,51,52,35,27,21,18,18,55,72,98,105,95,66,53,35,17
9,20,27,64,92,85,67,57,41,30,20,23,48,56,46,30,22,22,21,58,74,117,100,102,85,58,43,22
10,21,29,77,108,83,74,56,42,29,21,21,55,64,38,28,25,20,21,59,73,121,109,111,83,55,47,17
8,15,25,59,74,86,60,48,32,21,16,16,35,41,31,27,16,17,17,48,49,87,79,80,64,53,29,18
5,11,16,42,61,52,38,29,20,15,11,11,30,30,26,14,11,11,10,30,35,58,63,56,45,30,18,11
9,20,26,81,110,73,75,53,46,25,20,24,58,68,42,30,20,21,21,56,76,129,106,90,87,61,39,21
9,20,29,69,104,83,72,57,41,29,17,25,52,53,47,32,20,22,20,61,61,122,100,97,83,53,32,21
6,16,23,51,68,60,54,40,29,17,13,14,36,47,29,21,15,13,18,29,44,84,90,67,52,49,25,13
10,18,30,60,102,75,77,58,38,27,19,21,46,54,29,29,20,19,18,58,64,106,102,96,85,56,38,20
10,20,20,61,94,98,67,46,39,28,19,18,55,53,43,27,17,18,22,68,59,130,87,96,80,63,51,21
9,14,24,54,83,67,57,42,26,22,16,15,46,53,32,23,15,15,17,41,60,98,79,82,69,44,35,17
6,13,20,41,59,53,51,31,24,17,11,13,28,37,28,18,11,14,11,34,49,75,67,55,55,33,24,14
10,17,31,49,83,73,55,58,37,23,18,19,40,51,31,31,17,17,19,54,70,107,115,99,61,58,33,20
11,19,35,78,100,95,82,47,52,26,23,20,56,67,41,34,20,17,18,59,83,93,111,91,89,60,41,19
9,18,37,69,106,78,75,56,47,23,20,20,51,65,46,29,20,21,22,55,68,110,111,106,82,53,42,22
10,19,28,79,112,80,69,54,38,24,20,21,52,68,38,33,20,20,22,70,69,130,114,95,86,56,41,20
8,15,25,61,78,67,63,38,31,18,16,17,46,58,35,25,16,18,17,46,51,98,99,70,70,42,30,17
9,14,19,47,78,62,61,39,33,18,21,17,35,46,39,28,20,18,14,43,60,86,78,73,69,43,29,16
7,14,20,48,75,59,47,39,31,19,11,13,31,44,26,18,14,13,14,41,45,69,70,73,37,47,29,14
7,15,23,54,69,60,55,40,29,16,15,14,35,38,28,21,14,13,16,38,46,80,65,77,51,44,29,13
9,17,34,64,96,88,71,51,46,27,21,17,57,51,39,27,25,23,20,65,78,103,118,83,77,54,39,21
11,20,31,58,104,86,60,49,38,22,21,19,45,61,47,35,22,16,19,51,57,128,116,98,84,57,39,22
11,18,32,76,107,74,68,58,42,27,21,18,45,64,34,26,21,20,19,69,69,116,103,100,76,57,40,20
8,17,27,66,86,73,66,59,39,25,18,12,40,41,35,33,17,21,20,51,58,102,97,86,71,53,40,21
8,13,18,52,78,57,55,40,30,18,15,16,36,48,31,21,15,14,16,47,49,96,65,67,53,44,28,16
8,15,23,50,50,68,49,49,24,19,15,16,34,39,27,20,14,12,13,38,44,61,76,71,59,45,26,13
9,21,28,74,86,71,73,57,39,26,19,23,53,58,43,29,16,20,25,59,64,116,114,103,75,54,41,16
10,21,30,72,100,78,69,46,46,24,20,19,52,52,40,34,20,18,19,63,72,109,115,115,82,60,40,16
8,16,29,48,95,68,55,43,34,19,15,18,40,46,33,21,16,18,18,42,55,83,77,86,58,48,33,17
9,20,23,77,97,99,69,60,39,24,19,20,47,55,40,31,23,19,21,57,76,100,117,94,86,52,32,18
9,17,27,61,84,95,74,60,39,23,22,21,55,64,39,27,20,19,20,57,70,119,79,100,80,60,39,19
5,10,13,39,55,42,37,32,20,15,11,9,25,45,23,15,8,11,12,39,43,77,62,64,46,37,23,12
8,14,21,52,70,58,46,35,30,16,12,15,36,42,30,19,14,14,12,40,49,84,61,72,53,44,26,14
10,18,29,78,87,81,78,50,42,25,22,21,49,65,44,28,17,19,18,62,54,108,100,93,83,56,43,24
11,19,26,74,87,109,79,52,41,26,20,22,47,64,33,34,22,22,18,48,57,101,105,94,75,44,40,22
9,19,33,74,94,67,66,49,39,25,19,19,48,53,38,24,18,19,21,50,65,116,85,80,81,43,32,21
9,19,25,70,83,76,78,50,32,22,19,19,43,55,45,25,16,18,17,54,71,121,96,95,71,50,38,17
10,20,30,81,116,96,80,52,38,26,21,23,51,67,49,25,19,21,21,72,69,113,110,101,87,54,42,23
10,13,20,51,76,76,61,43,32,20,18,15,34,45,27,23,15,19,17,48,52,99,90,64,72,41,28,13
7,14,23,50,63,52,49,42,26,19,12,14,37,35,25,22,15,14,14,45,48,88,57,72,54,45,27,16
9,16,23,59,84,63,56,46,31,20,18,13,34,48,30,24,18,18,18,45,56,102,79,74,65,42,29,17
10,18,29,71,86,76,70,53,44,30,21,18,45,51,31,27,20,22,20,68,65,92,136,105,80,56,35,21
10,19,35,74,94,70,74,55,34,29,19,21,50,55,38,29,19,21,20,67,56,116,100,103,79,53,39,22
7,15,22,45,71,69,50,32,31,15,13,12,28,38,28,23,15,12,14,44,42,71,75,78,61,37,23,11
12,19,32,62,85,91,63,57,37,21,21,22,46,58,43,27,22,23,19,54,73,129,97,116,79,72,34,21
7,16,27,55,74,71,60,44,31,19,15,15,40,50,34,20,15,17,16,45,53,100,96,91,67,51,28,17
7,14,25,47,66,52,56,36,32,18,12,14,37,37,26,19,14,14,16,48,41,87,78,76,48,41,25,12
9,20,22,75,90,77,64,44,33,17,16,21,43,51,38,23,17,18,16,63,72,101,98,89,59,47,40,18
10,14,28,68,104,82,59,38,41,26,19,16,38,55,37,24,19,17,22,59,59,107,110,91,72,60,38,21
9,21,28,71,102,93,69,57,35,28,19,17,58,53,38,33,17,21,21,71,71,123,117,85,74,60,38,20
9,21,28,70,97,89,73,51,35,26,18,18,55,65,45,35,19,23,17,65,71,121,115,94,77,56,46,19
9,22,33,63,94,90,66,60,37,21,23,20,39,68,41,32,20,19,19,61,68,126,115,96,74,63,37,19
7,12,20,47,51,53,45,42,23,15,12,14,33,38,25,18,13,13,13,39,44,72,70,65,42,38,28,14
7,12,23,50,66,71,42,40,25,12,16,14,30,42,32,20,15,13,12,36,49,94,69,78,67,39,29,14
9,19,28,68,106,87,56,54,36,23,17,20,43,55,46,26,23,21,24,61,68,113,101,84,72,60,42,22
6,14,21,46,61,55,54,38,25,17,15,14,37,41,28,19,13,13,15,46,50,76,74,81,59,40,23,13
10,20,25,63,95,97,68,49,41,23,19,16,51,64,40,30,20,18,16,56,68,105,106,102,73,62,42,20
11,20,29,62,121,76,80,60,39,30,20,18,51,65,44,29,18,20,17,61,67,135,107,105,87,50,41,20
9,21,24,69,104,94,73,55,41,25,23,20,52,67,40,32,23,22,19,50,74,123,116,111,80,63,39,20
8,16,20,54,78,66,50,33,26,16,13,16,32,44,31,19,14,15,12,43,53,82,72,76,61,46,25,16
6,13,22,40,72,63,44,42,25,17,11,13,28,35,26,20,11,13,13,30,39,58,62,60,44,40,31,12
10,17,30,67,90,91,77,59,35,27,19,20,54,54,37,28,21,20,22,51,61,111,116,98,73,64,37,17
9,17,33,74,98,80,68,50,39,26,23,17,47,57,40,27,20,23,19,62,63,117,103,100,69,58,37,22
9,17,31,75,112,94,72,43,44,23,22,19,49,62,45,35,20,24,20,64,68,110,96,106,86,69,36,21
8,16,27,44,73,73,70,49,37,19,16,15,49,52,25,25,19,16,16,46,61,94,74,81,60,43,27,14
10,19,29,66,107,100,76,52,43,28,21,18,50,60,39,34,20,23,21,69,73,110,132,99,79,60,33,24
7,16,22,59,79,70,50,46,35,20,16,19,40,47,36,26,18,16,15,44,61,94,90,97,65,49,30,16
5,12,16,33,48,39,35,26,21,13,11,10,23,31,19,14,9,9,12,26,34,56,52,46,42,33,21,8
10,21,29,76,97,90,57,55,45,25,16,18,36,63,50,30,19,20,21,60,61,100,114,93,89,53,44,19
8,20,32,73,101,84,54,59,49,31,23,22,54,67,40,30,21,17,24,60,62,131,124,109,80,54,40,21
12,19,24,79,103,84,83,50,37,27,20,19,40,66,37,29,18,18,20,54,74,99,113,94,76,60,42,20
9,16,25,69,102,80,72,48,42,22,20,18,43,51,37,25,18,17,18,55,76,101,96,96,82,54,34,17
10,17,28,74,101,79,56,50,37,22,20,19,45,55,42,32,16,19,19,50,68,114,115,75,67,57,34,16
9,18,22,60,85,65,62,49,35,21,17,16,39,49,34,23,16,20,15,46,59,100,86,68,71,50,37,14
7,15,18,49,74,62,52,41,28,17,11,14,38,43,30,20,15,14,14,46,53,78,79,60,62,44,30,12
12,18,34,82,100,82,73,60,42,24,19,21,58,62,32,27,23,21,18,54,72,113,103,96,82,51,40,18
8,18,26,48,86,69,67,46,32,19,16,16,44,53,34,22,15,14,15,50,46,91,85,81,71,57,35,14
10,21,28,73,107,92,72,67,46,28,20,22,46,66,43,33,18,18,18,60,60,111,117,92,96,67,42,21
10,20,31,64,117,80,69,51,30,23,21,19,46,61,34,30,21,22,20,54,72,131,98,114,84,57,36,19
8,15,24,55,75,59,46,37,29,18,14,16,34,36,30,22,16,14,14,40,48,82,81,82,48,44,25,12
8,15,29,61,77,72,49,45,34,17,16,14,47,43,31,25,14,18,20,54,61,89,83,86,66,47,32,15
6,13,20,48,72,54,50,41,20,15,13,14,33,36,28,17,17,15,15,43,40,83,88,63,62,43,33,14
13,18,31,57,99,99,71,49,31,27,23,21,51,55,39,30,21,20,22,61,69,135,134,75,69,54,33,16
9,19,23,68,104,74,68,46,38,24,19,17,48,63,28,28,20,18,17,44,64,87,99,95,79,60,40,18
9,19,23,62,93,69,52,47,38,21,16,16,45,58,35,25,16,16,19,63,59,125,102,90,69,54,39,18
12,18,34,78,109,100,78,55,41,21,19,22,55,58,45,30,19,20,20,62,59,114,124,112,80,62,34,20
10,20,31,74,118,82,70,54,36,29,21,18,57,56,35,29,18,23,21,62,68,131,97,92,80,52,39,21
8,15,24,61,74,53,56,44,38,20,17,18,41,42,37,24,16,19,15,52,50,91,101,83,73,46,35,19
6,11,17,33,47,47,43,31,20,12,11,10,32,37,25,18,13,12,10,38,36,62,64,60,45,32,20,11
11,18,28,70,108,81,64,55,32,28,23,18,57,49,36,35,20,19,20,55,72,121,114,98,79,62,28,21
10,20,29,69,90,104,67,54,35,26,20,24,50,62,37,29,20,21,23,64,70,124,112,85,78,64,42,18
8,15,20,52,77,58,46,43,30,15,14,10,36,42,25,23,17,15,14,42,41,69,72,64,53,44,26,16
11,20,27,78,92,92,62,40,41,21,18,24,48,57,42,28,17,21,18,61,55,113,129,107,70,58,37,19
10,22,34,65,126,75,67,60,37,22,20,20,52,60,31,26,19,21,21,54,55,119,99,100,82,60,39,21
10,18,20,54,71,77,54,39,37,20,17,17,39,56,36,24,20,13,15,40,63,80,102,88,68,43,35,16
6,16,16,45,63,54,49,35,25,18,11,12,29,39,23,16,13,14,11,42,46,69,67,57,48,41,28,13
10,18,28,65,108,87,65,38,42,19,23,17,49,50,45,25,21,17,18,59,63,108,98,94,74,54,39,18
10,23,29,77,95,90,73,53,29,23,18,21,57,56,41,25,19,21,17,61,82,131,124,90,93,69,36,19
10,21,30,68,106,103,57,56,39,25,20,22,61,51,36,33,19,18,20,66,78,99,118,87,84,58,35,22
11,21,30,62,120,92,69,52,35,25,23,19,44,55,38,32,21,18,16,50,74,112,122,102,74,80,35,23
8,16,29,53,90,74,50,47,34,18,15,14,40,55,26,20,17,16,18,51,61,73,85,73,57,44,27,16
8,18,25,53,72,64,66,51,29,22,17,17,33,41,32,28,15,16,16,41,50,86,85,96,58,42,32,17
7,16,22,51,75,59,48,45,28,17,13,15,41,42,21,22,13,14,16,38,52,91,80,75,58,43,24,14
7,14,22,49,64,69,52,35,26,18,15,15,30,42,30,24,11,14,14,45,51,69,73,78,64,45,32,16
11,19,25,70,108,86,63,59,41,22,23,23,48,64,41,30,20,21,21,58,79,131,131,93,77,56,38,18
12,18,36,78,93,88,70,50,38,24,20,24,47,57,47,31,22,18,20,59,69,103,85,115,83,54,37,18
11,19,29,76,103,79,66,59,39,29,17,22,53,50,36,32,22,23,20,63,77,116,122,103,78,59,40,22
7,18,29,75,90,79,64,53,36,20,17,17,50,59,32,28,20,16,16,54,66,92,95,106,78,59,38,18
7,12,25,56,76,68,44,40,29,18,18,15,36,44,30,22,17,15,13,37,47,62,65,59,51,44,30,12
8,16,16,45,62,67,53,35,29,19,15,14,37,38,26,18,16,13,12,32,54,62,71,59,62,48,23,14
11,22,25,73,90,85,72,61,38,25,21,20,60,59,44,28,23,19,18,62,57,138,127,102,81,64,37,20
10,22,29,70,122,86,58,61,38,26,22,24,51,54,38,33,22,18,19,52,80,118,94,125,71,58,40,18
8,18,27,55,73,63,58,35,34,23,17,12,43,51,33,22,18,14,14,51,58,101,77,78,50,40,37,17
11,18,30,79,95,94,84,57,39,26,19,20,48,58,38,26,21,20,20,60,81,123,107,88,86,58,44,19
8,23,31,76,84,70,67,55,43,22,21,17,51,57,39,29,22,22,21,66,68,105,112,123,89,65,42,22
5,12,16,40,54,47,32,27,24,14,11,11,25,39,21,18,9,13,11,28,37,64,64,53,38,37,21,15
7,14,21,50,72,78,54,37,25,19,16,15,29,40,31,19,12,14,14,46,48,88,84,60,55,42,20,15
10,21,29,55,90,89,67,54,39,29,20,20,50,61,39,29,21,22,17,61,72,124,94,103,74,54,44,17
9,14,37,89,95,73,80,49,41,26,15,20,51,60,32,36,18,18,20,61,62,107,131,86,81,70,44,21
11,17,28,67,96,60,62,47,33,22,15,17,45,52,31,28,18,17,20,59,70,97,92,112,78,57,38,16
9,17,27,69,106,82,64,43,37,24,19,18,44,50,38,25,20,19,19,68,68,123,88,77,74,58,27,19
9,20,32,75,124,65,76,45,43,29,22,19,63,57,33,30,21,20,14,56,59,131,101,110,84,56,35,20
7,16,24,61,78,58,46,39,32,24,15,16,41,39,32,25,16,15,15,46,63,101,76,88,68,47,32,14
7,15,21,47,78,65,51,39,26,21,15,15,32,35,27,22,12,13,8,40,57,78,75,61,54,31,29,17
10,16,24,56,81,53,52,43,39,21,15,14,35,57,32,27,15,14,16,48,52,91,93,77,59,48,34,17
7,18,29,67,101,92,71,53,47,25,18,21,47,54,45,30,17,17,23,66,63,98,124,87,79,64,39,22
10,19,29,65,112,89,77,43,45,24,20,19,41,64,35,32,15,19,18,67,76,120,125,107,78,57,35,17
7,11,23,48,53,65,48,44,24,17,14,12,34,41,30,24,14,16,14,45,46,55,75,75,62,39,29,13
10,21,30,78,108,84,61,49,32,26,22,19,47,57,44,28,22,20,21,63,68,123,104,98,70,55,46,15
8,16,27,51,75,69,54,41,34,21,16,15,44,48,32,24,17,11,14,51,53,84,92,91,65,48,27,16
6,13,18,52,69,66,53,35,21,16,14,12,39,44,30,24,15,12,15,45,46,80,78,73,60,41,33,14
7,18,29,68,84,68,61,46,31,22,19,18,40,63,38,34,16,18,21,61,61,96,102,103,67,53,40,18
8,20,29,59,91,68,58,47,36,22,17,18,44,45,33,26,19,17,19,49,59,105,97,97,80,63,37,18
9,19,31,77,97,83,62,45,37,24,17,20,46,69,45,29,19,23,21,58,75,102,100,119,82,64,42,18
10,18,26,66,100,78,75,57,40,28,19,22,52,64,41,29,22,23,20,75,65,123,117,97,79,63,41,25
11,23,35,90,99,73,67,51,40,27,18,18,55,59,41,31,21,21,15,63,60,122,124,101,78,76,34,20
6,12,20,51,55,43,45,35,24,16,12,13,25,38,27,16,13,14,12,40,48,81,72,61,45,43,24,12
8,13,24,50,63,54,53,36,28,19,15,12,36,43,30,20,17,12,14,42,45,94,87,68,59,50,24,17
10,24,26,69,96,84,67,55,37,24,16,23,51,45,40,33,18,21,17,59,79,108,114,116,89,66,37,19
8,13,20,50,70,52,59,35,27,17,14,16,31,38,27,21,13,10,14,38,54,77,77,67,44,44,30,15
11,21,29,77,97,82,68,50,43,26,19,20,52,61,35,27,17,17,20,57,69,133,91,99,71,57,37,18
9,20,32,81,116,87,68,59,37,21,18,17,43,53,43,31,17,20,19,67,72,111,110,107,100,66,37,21
8,18,25,69,90,86,63,51,41,25,18,17,41,64,40,28,21,17,23,52,66,118,104,93,73,65,47,17
6,14,20,59,80,57,41,41,30,16,14,13,38,32,26,24,17,15,17,41,45,85,83,92,46,52,32,15
7,14,19,43,59,54,51,32,24,15,14,14,34,41,27,16,13,12,11,42,39,76,67,55,42,34,31,13
8,19,31,65,115,76,79,49,43,23,18,22,48,61,38,25,17,19,23,62,78,124,97,99,81,60,41,20
10,19,22,62,118,96,66,67,40,23,23,18,52,71,45,32,22,21,24,66,66,111,102,90,76,63,39,20
9,18,27,64,93,92,71,53,39,25,19,21,47,56,40,31,21,18,20,51,66,115,115,81,72,63,44,22
8,16,26,62,90,75,55,36,35,23,15,17,41,47,32,27,16,14,14,47,50,123,79,84,56,43,34,15
10,20,28,57,95,91,73,63,36,27,18,18,52,67,42,31,21,19,24,67,54,109,112,107,86,54,47,18
8,15,26,45,82,68,50,45,34,25,20,15,34,46,31,25,16,14,15,53,61,99,96,80,75,44,28,15
5,10,15,41,43,46,34,26,23,13,10,9,27,25,17,13,8,10,9,28,31,58,49,44,43,28,19,12
9,21,32,75,94,94,70,69,42,24,21,20,48,58,43,30,20,23,23,56,81,131,109,100,80,61,39,22
11,22,27,63,82,95,72,54,39,26,23,19,59,65,41,30,20,19,20,66,66,124,98,98,68,71,40,19
7,20,30,57,96,91,71,60,39,22,21,21,55,62,43,29,19,20,23,53,64,119,116,103,63,69,38,19
8,17,29,62,87,67,66,53,42,23,15,21,46,52,45,26,12,19,18,62,51,106,110,113,69,52,35,21
10,15,25,56,83,81,62,45,36,21,22,14,43,48,36,31,20,18,16,50,69,105,105,94,53,48,38,16
8,14,25,56,85,68,65,39,35,20,15,17,42,43,34,24,14,13,17,42,44,86,82,76,57,46,28,17
7,17,24,50,73,55,49,32,24,18,15,13,33,46,26,20,13,12,14,41,41,77,69,85,55,45,27,13
9,17,27,68,93,96,76,61,44,26,22,22,45,63,40,34,20,21,17,61,75,108,128,91,68,65,33,22
8,17,24,49,69,85,50,43,34,21,15,13,37,46,29,25,18,14,17,51,60,95,91,92,49,50,34,17
11,20,29,59,105,89,81,59,38,27,17,20,46,58,34,25,20,22,19,51,65,107,111,100,67,61,43,25
9,23,31,76,95,85,73,51,38,27,19,19,45,67,41,31,23,18,20,55,54,121,108,88,71,59,42,19
8,14,20,50,75,51,52,36,31,19,14,13,37,36,29,20,14,14,13,42,53,86,75,64,52,40,25,12
9,14,20,49,80,65,64,43,29,18,17,15,45,51,34,24,18,15,15,55,57,75,72,80,57,51,32,16
8,16,24,50,81,57,46,33,31,18,17,14,34,48,31,22,13,15,12,51,46,95,64,84,59,43,31,12
10,16,27,75,109,81,66,55,49,26,20,20,50,55,41,31,20,19,22,67,72,126,105,99,82,56,41,19
10,15,25,69,73,83,58,46,32,22,21,19,41,49,37,31,17,20,19,46,69,116,71,94,72,51,32,19
9,19,27,70,87,82,63,50,36,22,17,13,44,57,32,32,17,21,21,58,60,95,82,77,67,49,37,17
9,21,32,75,87,88,69,51,40,25,19,23,51,65,42,28,20,24,18,52,71,104,92,103,91,64,39,21
9,19,32,52,109,88,76,51,40,22,20,26,50,52,43,26,20,19,21,57,66,96,115,95,103,52,43,21
8,18,25,56,68,63,60,50,25,16,17,17,32,54,33,26,15,19,15,52,43,97,79,93,64,45,31,16
6,11,17,42,56,47,43,27,20,16,12,11,28,39,23,20,10,11,10,30,40,65,58,60,49,33,25,11
10,21,35,56,103,93,61,52,41,24,20,19,50,58,40,32,22,24,24,65,67,105,100,97,78,52,44,18
10,21,29,65,81,72,66,52,34,25,21,21,50,57,34,32,21,20,20,53,78,109,114,115,74,57,39,23
7,15,21,46,72,64,58,34,29,18,15,14,35,48,29,26,14,15,14,41,46,70,71,67,59,38,28,16
11,18,32,59,104,86,68,66,44,22,18,21,50,61,38,28,20,16,22,50,70,124,111,100,88,53,43,21
9,19,33,67,101,87,55,58,45,27,14,19,45,51,41,29,22,20,23,60,79,108,116,117,75,60,44,16
8,17,22,54,84,73,56,48,32,18,18,17,38,45,27,23,14,14,17,45,53,91,93,76,48,52,27,15
6,13,21,41,59,63,44,36,24,19,12,12,28,35,24,17,12,14,14,39,42,70,78,54,49,37,28,13
9,18,26,52,82,74,64,51,37,24,18,20,54,54,29,23,18,16,20,51,65,104,100,92,88,71,37,16
10,17,32,75,92,100,81,53,43,24,19,20,51,53,46,26,20,19,24,63,76,119,111,107,77,59,43,17
9,19,26,61,92,85,63,51,46,30,24,21,45,59,33,27,20,18,17,58,63,109,115,104,88,55,45,22
10,21,32,78,89,86,57,60,46,24,19,24,50,50,36,27,19,20,22,55,65,109,131,105,83,59,38,18
7,19,22,57,75,71,63,47,33,19,17,15,37,47,23,26,16,16,16,53,57,78,83,80,53,44,28,16
9,17,24,56,76,86,65,40,41,15,16,15,45,46,32,21,12,15,16,50,54,116,76,73,62,50,31,13
7,13,21,52,70,49,56,43,33,14,16,13,27,44,28,24,14,16,17,49,49,73,71,77,54,42,28,16
7,15,26,49,74,56,49,40,25,19,12,15,38,50,25,21,15,13,15,44,54,93,80,58,54,39,27,14
8,20,30,62,94,75,68,61,42,27,17,20,53,67,37,29,22,19,18,56,76,137,113,101,77,62,43,22
10,18,29,71,109,89,60,56,38,25,17,18,44,60,38,33,18,17,20,62,83,112,103,109,79,55,40,21
9,19,32,69,91,73,68,57,40,29,21,16,51,64,41,28,22,23,22,64,55,126,106,96,89,55,42,19
8,18,25,57,74,83,66,54,34,19,20,19,48,45,33,24,17,20,21,49,71,91,113,82,80,57,32,15
7,15,19,44,85,51,51,45,28,19,15,14,38,48,28,23,13,15,13,40,43,85,71,67,50,46,32,12
8,15,22,57,75,66,51,39,25,14,14,14,32,48,27,20,16,13,13,49,51,76,70,77,46,45,26,16
11,20,32,69,90,89,68,46,33,24,23,20,52,61,44,33,21,17,25,58,69,125,112,106,85,68,37,22
11,19,33,70,91,93,66,48,43,27,17,19,54,62,38,25,21,22,18,60,62,119,119,95,84,54,44,18
8,20,26,58,76,60,44,47,26,20,16,15,38,52,31,22,14,16,14,54,63,97,78,85,67,50,34,13
11,18,31,61,92,75,68,54,45,25,20,24,51,63,36,32,23,19,20,56,80,124,105,102,72,51,45,23
8,23,29,74,91,82,81,55,42,26,18,18,55,60,43,35,20,20,20,64,68,122,112,107,99,68,41,19
5,12,16,43,61,46,37,33,25,16,9,10,25,37,23,21,13,10,10,33,34,63,70,57,42,31,25,10
6,15,21,51,69,54,49,40,27,18,15,13,36,47,26,18,16,13,11,39,43,80,79,74,60,35,26,17
9,21,33,62,96,97,78,50,41,25,18,21,50,58,40,28,18,22,19,59,68,127,99,112,61,48,36,21
10,21,26,66,110,90,60,54,42,26,21,21,45,59,46,30,21,19,19,51,85,128,99,97,72,59,39,21
9,17,28,61,79,63,72,48,39,21,20,17,53,50,36,29,19,19,17,52,66,116,84,101,73,62,38,18
10,20,25,55,92,85,62,49,36,25,17,16,46,45,33,31,18,18,21,63,60,113,71,91,77,56,42,17
10,19,31,81,112,89,73,54,42,22,21,20,51,61,39,34,22,17,20,56,65,126,105,125,84,58,45,20
8,17,21,65,76,71,59,41,29,18,19,14,40,46,38,23,17,14,17,47,50,97,83,80,51,56,31,16
7,15,21,46,59,55,48,36,31,19,13,13,38,40,31,18,15,14,14,49,44,94,69,74,55,38,28,11
9,12,25,50,70,66,59,46,31,24,13,14,40,43,35,21,15,17,19,46,54,95,95,81,67,49,29,18
10,21,30,73,76,80,79,57,36,23,17,16,59,60,36,25,21,22,21,53,69,122,115,99,82,60,41,20
11,21,28,67,122,82,65,52,43,26,22,21,47,58,44,32,21,21,20,59,70,119,113,91,81,65,38,20
8,13,24,44,73,55,48,39,27,17,14,16,30,44,24,18,12,15,17,39,50,77,73,72,55,41,24,15
12,23,32,71,100,78,68,60,36,21,22,18,48,59,40,35,21,16,19,63,69,118,118,105,93,66,36,22
8,15,27,57,91,63,55,38,36,20,16,17,44,40,34,24,16,14,14,51,57,90,91,67,62,57,35,16
7,17,19,50,59,50,46,42,25,18,17,10,31,41,25,22,13,14,17,47,52,84,84,83,66,44,28,13
9,17,29,71,83,84,71,49,38,23,15,18,42,58,40,27,16,21,17,55,71,115,121,73,64,56,38,16
9,16,27,61,80,75,60,48,32,22,19,17,41,61,35,30,17,17,17,56,66,96,102,93,79,62,32,15
10,22,35,66,104,89,74,50,44,25,18,19,55,66,40,33,20,22,18,65,69,98,105,90,85,54,36,20
10,22,26,75,99,88,67,58,38,26,21,20,41,61,40,29,21,21,19,62,72,98,110,96,68,54,36,19
10,22,32,72,109,92,62,51,34,23,20,21,53,58,43,29,20,20,24,64,76,116,125,109,87,57,43,21
7,13,19,40,64,44,54,36,26,16,11,13,38,37,26,19,13,13,12,39,50,78,62,67,48,41,27,13
6,14,22,53,59,76,56,42,30,18,14,13,35,51,27,21,16,14,16,48,49,73,82,67,56,44,22,15
10,19,33,73,101,80,54,56,35,20,21,20,53,62,39,31,21,17,20,65,67,108,114,104,74,54,40,21
6,14,21,45,81,62,47,34,25,20,12,13,36,32,29,20,12,14,14,38,49,69,78,69,55,44,26,15
10,16,31,63,100,80,67,54,38,25,19,19,49,56,38,30,21,21,17,62,69,99,96,100,95,61,40,21
10,18,27,74,91,79,79,60,39,26,19,20,48,61,38,35,20,22,20,57,72,129,94,100,64,63,40,18
8,20,29,66,113,82,65,55,41,25,18,19,47,62,42,31,19,19,18,51,68,101,116,115,73,59,47,19
8,16,24,47,76,50,56,38,31,20,14,12,36,44,30,18,14,15,14,42,53,87,82,82,55,43,33,15
6,13,21,42,61,50,47,31,24,16,12,14,31,39,25,17,13,12,11,34,43,61,67,62,52,38,30,13
10,17,34,68,112,79,71,55,44,27,20,22,51,53,38,26,19,22,19,62,75,99,101,82,93,72,48,19
11,20,34,77,103,93,70,59,45,29,23,19,46,53,41,34,20,19,18,60,73,119,99,86,69,56,45,20
11,23,35,54,98,88,69,62,39,25,20,20,51,66,43,27,23,21,20,80,70,119,113,108,79,59,44,17
8,14,26,63,68,70,56,42,37,20,15,15,40,49,33,26,14,15,17,44,49,89,103,73,65,45,31,15
13,21,28,85,103,87,62,59,39,27,19,23,48,66,38,33,17,16,24,50,70,122,103,120,70,68,43,20
8,18,24,63,83,66,55,37,34,22,16,16,39,53,39,24,15,11,16,44,58,93,90,72,58,42,31,18
5,10,14,31,46,38,38,29,15,11,10,10,23,30,23,15,10,8,9,30,33,61,53,50,35,29,22,10
9,20,31,61,76,81,59,46,38,18,21,22,45,56,39,28,21,22,16,57,63,112,125,101,77,66,40,20
11,21,26,66,101,82,70,51,35,28,19,20,52,63,37,27,23,15,19,61,68,98,121,70,91,73,39,21
11,19,33,73,108,93,77,54,41,28,21,21,49,66,48,31,26,20,22,59,76,108,95,111,75,63,41,14
9,19,24,70,79,82,64,40,43,22,21,19,43,49,35,28,18,15,19,54,62,126,95,97,62,53,40,19
11,17,29,55,94,82,64,54,36,20,21,18,38,47,34,35,19,16,18,61,64,106,98,99,69,55,33,19
9,19,26,56,80,64,63,39,29,17,13,14,41,48,32,24,19,15,16,43,65,101,89,84,84,42,31,14
7,14,23,46,67,55,44,41,26,21,16,14,36,48,31,20,14,14,15,45,51,79,73,56,54,51,33,15
10,18,29,65,71,86,65,48,41,25,19,20,50,52,33,30,14,25,20,68,75,125,108,91,69,60,38,19
7,15,25,59,84,72,62,43,24,24,17,16,43,38,32,24,14,15,15,52,53,98,84,73,62,57,34,19
10,24,33,73,104,91,76,59,37,25,19,19,57,59,35,32,22,21,18,56,56,91,118,115,72,57,44,22
12,21,28,71,113,91,72,51,41,24,19,23,56,63,37,32,19,20,18,64,65,118,103,92,95,66,38,23
7,14,21,44,73,59,52,39,27,15,14,15,36,45,29,20,14,15,14,47,46,74,87,68,60,47,31,14
9,17,23,42,82,70,58,41,31,20,18,14,36,46,28,26,17,17,14,57,60,82,83,80,63,42,33,16
6,13,22,53,72,68,53,36,25,15,14,15,34,39,30,20,14,14,14,38,39,102,73,68,51,43,30,12
11,21,31,69,101,91,65,52,38,23,22,17,49,54,34,31,21,19,21,60,50,132,89,94,85,57,45,18
9,21,25,59,83,80,60,50,34,24,19,19,41,47,38,28,18,22,19,47,63,103,99,109,71,56,33,20
9,15,24,72,87,75,72,43,37,23,17,18,49,64,32,28,19,16,20,54,53,115,79,83,68,48,28,16
10,19,30,69,90,85,61,59,36,30,20,21,45,58,37,26,23,18,18,53,81,125,114,86,87,64,34,19
11,21,29,75,85,93,78,54,38,28,19,20,53,70,40,24,20,19,17,67,78,133,108,113,88,67,45,21
8,17,21,57,85,63,47,43,29,19,15,16,46,47,30,23,16,16,13,42,60,100,99,89,65,45,34,16
5,11,16,41,58,41,44,35,24,15,13,11,23,34,21,17,10,11,13,29,33,61,63,63,55,38,20,12
10,20,33,65,102,97,69,58,38,21,23,22,48,52,44,27,22,19,18,58,68,107,113,102,77,67,45,22
10,22,29,81,96,82,72,52,34,24,20,23,50,53,38,30,20,19,21,59,63,131,93,98,93,58,31,23
7,15,18,47,81,57,45,37,31,15,15,14,37,35,26,20,16,15,12,45,53,79,79,75,65,43,29,12
11,20,30,56,108,74,73,57,35,25,21,21,47,58,28,32,22,17,22,54,69,128,119,97,93,60,43,18
9,21,26,71,106,91,65,53,38,32,21,17,42,42,44,29,20,21,22,60,66,106,106,124,74,53,35,21
7,18,26,67,67,61,55,48,30,15,16,16,34,59,33,25,15,19,19,47,58,103,95,76,70,47,35,15
7,14,21,43,53,56,45,32,28,15,11,13,32,40,22,16,12,12,14,39,54,53,71,65,47,35,27,13
9,18,26,66,91,82,64,47,37,23,19,18,40,55,39,32,20,16,16,64,62,98,109,90,79,55,35,21
9,22,24,73,116,87,85,40,37,26,21,19,46,47,44,32,18,24,19,68,78,109,97,95,92,56,44,20
11,24,27,65,102,79,75,55,39,26,20,18,49,61,43,36,19,20,21,56,63,133,104,87,76,55,39,21
9,22,29,68,115,100,66,53,44,19,22,21,43,65,32,33,19,20,18,57,76,140,130,104,87,49,44,19
7,17,23,53,80,74,51,48,31,19,12,17,39,41,27,21,17,18,17,53,56,83,88,71,68,43,30,19
8,10,22,53,84,65,63,44,30,19,14,16,42,51,32,28,15,17,16,47,66,109,82,61,69,49,28,15
7,15,18,54,80,54,46,32,27,18,12,16,29,45,24,20,16,15,16,42,49,66,67,68,52,40,29,14
7,14,26,49,82,61,58,43,25,16,16,14,33,45,27,21,14,14,15,42,51,81,74,72,43,44,29,14
10,20,27,71,117,86,78,52,38,21,22,20,59,64,38,34,22,15,16,57,68,131,103,117,86,55,39,22
9,20,25,63,109,87,60,59,46,24,19,20,51,64,37,31,21,19,20,72,68,120,112,86,93,51,34,23
11,23,31,71,110,82,74,50,36,23,18,19,47,66,41,25,19,17,19,63,68,87,91,90,84,48,42,21
11,21,27,74,84,88,78,54,37,21,21,18,40,52,39,27,18,20,20,58,60,98,93,82,71,52,32,18
7,16,20,50,84,69,39,32,31,17,14,13,44,50,29,23,14,13,15,47,47,90,84,75,47,47,31,14
7,14,19,43,76,65,40,38,32,18,14,12,39,37,28,23,16,13,13,41,47,83,86,72,54,42,23,14
10,20,33,72,98,80,74,51,38,24,17,18,57,56,31,32,18,21,19,57,79,135,100,100,71,67,42,20
9,19,31,71,99,86,72,57,41,26,21,21,54,52,45,35,20,18,18,60,70,125,114,93,84,52,37,20
7,16,24,60,66,63,58,41,30,22,15,16,42,52,29,22,15,17,15,46,48,92,92,78,60,43,32,15
10,18,31,68,95,90,73,54,40,25,20,17,53,63,45,27,23,20,22,60,60,109,122,112,71,59,38,16
10,22,30,75,106,89,63,50,40,25,16,25,44,57,40,32,18,22,18,60,66,95,102,100,82,63,38,19
7,12,19,38,61,49,36,29,22,14,11,11,29,37,21,17,12,11,12,31,41,70,58,59,43,33,20,13
7,13,21,36,71,54,57,44,26,17,14,15,34,39,27,21,11,14,14,47,53,81,77,74,47,39,28,14
10,19,34,70,115,84,68,57,38,27,21,20,58,52,36,30,20,16,19,67,72,143,89,70,72,53,37,18
10,19,30,65,96,97,77,59,45,25,19,19,47,57,38,31,25,20,17,54,70,98,111,108,70,64,42,18
10,22,29,61,72,86,57,46,36,23,18,20,44,63,38,28,18,16,18,54,70,99,105,92,68,50,36,18
8,18,30,61,102,76,74,46,38,19,17,20,44,54,32,27,20,21,19,50,55,111,98,83,82,48,36,16
10,22,28,64,105,67,74,53,36,25,20,19,53,62,41,25,19,22,19,58,69,96,96,95,89,66,41,20
8,16,25,54,80,60,58,42,29,21,15,14,38,57,29,22,15,16,15,49,54,74,103,79,64,51,32,14
7,13,19,43,65,58,49,39,25,19,11,15,36,46,32,21,14,15,14,45,47,89,78,64,58,48,33,15
9,17,27,59,80,72,59,47,25,20,16,17,41,42,37,26,16,16,14,42,52,99,95,77,58,48,32,18
11,18,29,65,90,79,67,62,44,26,18,20,50,66,35,31,21,20,18,70,83,82,97,106,69,57,35,19
11,18,34,65,109,91,78,56,34,26,18,20,42,72,38,37,22,19,19,64,61,107,106,111,93,59,32,21
8,13,19,46,79,59,43,38,32,17,13,13,33,42,27,19,16,16,13,40,52,66,76,68,59,37,29,12
10,20,27,82,101,73,62,53,43,21,23,21,48,67,36,31,21,19,22,59,62,113,94,100,65,57,42,19
8,14,23,65,84,60,52,42,31,15,15,16,42,44,34,25,15,15,18,48,45,79,95,80,64,47,30,16
7,12,21,50,86,62,53,45,26,19,16,13,36,37,26,21,15,13,13,38,45,79,88,73,62,47,34,14
10,19,27,60,86,87,58,41,36,23,15,18,47,53,39,25,21,18,17,51,68,106,91,87,66,49,34,16
8,17,28,60,93,85,60,50,33,24,20,16,43,56,34,26,20,18,20,55,56,102,92,82,67,56,35,18
9,18,30,81,85,91,66,64,37,25,16,22,51,53,40,31,20,20,19,56,78,116,123,103,86,56,45,21
10,19,27,70,83,72,69,46,36,26,16,20,63,49,40,30,21,23,22,64,75,125,118,101,76,53,40,18
11,20,32,75,101,89,75,47,45,25,22,22,52,53,42,33,19,20,20,66,72,121,108,86,81,57,40,19
6,13,18,39,58,55,49,46,28,17,13,13,37,37,28,17,12,12,12,42,41,82,66,55,51,36,29,10
8,14,21,57,74,54,49,47,31,17,15,15,32,47,25,23,15,13,13,36,58,93,60,74,60,49,27,16
9,24,33,73,93,87,82,53,38,27,16,24,50,61,47,31,20,18,19,74,71,120,126,111,74,62,42,20
7,14,22,47,73,59,44,35,30,16,14,14,31,34,28,20,15,14,14,40,50,101,67,61,50,44,33,12
9,20,28,80,104,81,76,57,39,23,23,21,49,70,46,31,19,21,19,64,77,103,111,113,77,51,41,20
8,16,25,82,98,88,71,60,39,26,20,18,51,54,41,30,21,17,21,64,79,137,93,106,76,67,41,21
9,19,29,63,86,77,78,60,39,28,23,18,46,67,41,33,19,18,17,60,64,103,112,98,74,53,54,19
6,16,25,52,68,60,54,39,28,18,15,17,34,43,25,19,14,17,13,46,55,81,68,69,62,40,28,13
6,14,18,46,62,47,33,36,24,16,12,10,32,37,30,22,14,11,12,34,46,72,71,68,48,36,23,11
10,18,35,82,115,81,69,57,35,29,20,23,51,60,33,30,24,19,23,55,73,107,99,98,86,57,38,22
11,23,31,58,95,84,68,59,38,26,20,18,48,63,46,29,19,18,19,58,78,120,126,108,76,62,38,21
11,21,35,77,87,89,72,43,39,28,16,25,52,66,42,33,23,21,21,51,67,119,107,92,63,66,36,19
8,18,25,48,76,64,52,53,35,20,16,16,35,54,36,22,17,17,18,46,58,88,92,68,60,45,33,15
11,21,31,68,90,90,59,59,42,25,23,17,53,61,42,30,20,18,20,59,89,145,109,113,80,62,41,20
9,19,27,56,72,67,49,42,23,20,15,17,48,41,30,24,14,16,16,56,53,84,98,90,61,49,31,14
5,11,15,30,58,37,32,26,16,14,9,10,19,29,17,15,11,10,10,33,37,58,53,49,44,32,20,8
9,19,32,74,113,88,77,40,38,25,19,15,40,63,41,32,20,19,20,55,73,95,115,92,76,54,39,21
11,20,26,67,100,81,56,45,34,26,22,20,42,63,40,35,21,20,21,68,70,138,100,117,74,59,47,20
10,21,30,75,98,81,75,57,44,22,19,24,49,71,44,30,22,20,19,58,64,95,119,105,82,57,33,21
11,19,31,63,88,87,61,49,39,26,20,19,45,54,37,29,19,19,20,56,68,106,95,80,77,63,36,20
8,21,33,55,95,72,66,45,36,23,19,17,48,54,40,27,19,21,19,61,49,106,96,92,67,56,39,18
8,18,25,65,72,77,46,42,31,21,15,14,42,49,30,22,16,18,16,53,53,87,89,78,74,42,31,13
6,14,23,40,70,55,46,33,30,20,12,12,42,47,21,24,16,15,13,45,58,86,70,70,55,39,29,13
10,19,28,62,102,78,73,56,45,29,21,20,49,47,41,29,18,21,19,41,66,111,109,110,87,55,38,22
9,18,27,50,79,70,60,42,38,20,17,17,41,52,29,22,16,16,17,36,57,100,93,86,64,55,35,16
12,19,27,67,104,73,66,57,32,26,16,22,55,62,43,31,19,18,20,57,59,118,115,103,77,54,41,21
9,20,27,69,101,89,81,55,36,26,14,19,38,68,41,35,19,20,19,56,70,106,128,119,82,64,35,18
6,14,19,43,74,64,47,45,24,16,13,13,42,48,29,21,12,13,15,34,41,80,82,78,64,45,22,15
8,15,19,71,84,68,70,46,38,22,15,14,32,43,27,22,15,14,15,53,54,108,88,75,64,48,38,13
6,14,26,50,77,47,41,41,26,17,13,14,42,38,35,24,11,15,14,46,48,84,91,61,47,44,30,16
10,18,29,63,90,79,69,52,36,28,20,19,49,59,42,31,22,23,22,62,61,134,111,120,82,52,39,20
9,21,33,57,80,77,57,43,38,24,20,19,52,56,35,26,15,17,20,62,75,93,99,74,65,50,38,17
9,19,24,64,91,77,60,59,44,23,19,19,46,54,31,31,19,21,21,51,83,102,102,77,61,60,38,20
10,22,32,71,92,96,84,63,43,28,20,20,49,58,47,25,22,22,20,55,77,121,113,84,94,65,43,19
10,21,32,66,104,77,70,43,40,28,19,20,47,64,38,27,22,19,16,68,64,106,114,110,94,65,36,17
8,17,28,60,78,67,54,46,34,24,19,16,39,47,33,24,16,16,17,44,55,87,93,77,79,53,31,15
5,9,18,37,57,60,35,29,22,15,11,11,30,25,21,18,14,10,13,36,45,65,64,56,44,33,20,12
9,18,26,69,105,81,60,49,37,24,17,20,50,57,39,33,19,15,20,63,63,106,100,93,66,44,43,20
11,23,26,74,100,99,69,55,39,24,20,22,50,65,38,27,22,24,20,53,66,86,111,113,83,57,40,18
7,14,21,48,75,61,56,42,30,20,14,14,36,32,29,24,14,15,15,49,54,73,81,62,63,42,27,13
10,20,32,70,88,86,83,56,35,25,19,20,44,64,31,33,18,17,19,71,71,135,105,116,83,51,39,17
11,18,35,61,82,84,64,51,40,26,21,19,50,52,42,25,23,20,19,54,62,140,118,97,84,51,45,19
7,14,23,51,75,56,49,45,32,21,16,16,33,53,35,27,14,13,18,36,55,95,90,77,72,46,37,17
7,15,21,46,72,53,45,30,29,17,11,12,28,33,26,18,11,12,12,38,40,82,63,61,46,37,21,13
7,16,24,69,87,83,68,50,38,23,21,17,51,62,37,28,18,19,18,54,58,106,92,91,84,53,36,17
9,19,33,72,95,104,60,54,41,28,18,18,52,47,49,32,18,20,19,57,56,113,114,82,79,65,39,20
9,20,28,62,93,104,82,54,34,24,18,20,43,58,40,30,17,18,18,68,78,123,101,99,86,60,36,16
13,17,31,71,90,82,72,43,39,23,16,26,51,53,42,30,19,18,22,57,62,110,128,106,76,67,47,20
7,19,23,51,84,72,52,45,31,20,13,15,35,53,30,26,15,17,16,43,45,87,90,77,75,57,35,15
8,15,28,61,84,77,55,54,27,20,16,18,41,42,28,19,18,20,16,51,50,99,80,88,69,41,29,17
7,12,20,47,83,60,47,36,29,19,13,15,35,41,27,19,14,17,15,35,49,72,79,84,58,40,27,16
6,12,19,51,65,65,51,43,26,18,13,13,39,42,27,19,15,13,12,46,42,77,69,68,56,34,26,13
9,18,29,67,94,78,71,59,44,26,21,19,51,48,38,38,20,17,22,58,57,119,116,106,86,65,39,20
9,21,28,75,97,70,78,62,38,22,22,19,59,57,34,29,21,18,25,66,65,98,95,107,74,63,37,18
10,19,29,72,83,88,71,59,45,21,21,19,58,55,37,32,17,18,23,55,48,115,89,97,86,64,42,17
8,19,26,60,85,71,66,52,40,20,18,20,48,56,35,30,15,16,19,64,60,104,97,96,82,58,33,17
7,14,23,55,76,62,55,37,30,18,16,13,36,46,31,22,14,16,15,47,53,82,82,73,61,43,31,15
7,15,19,55,66,62,47,41,29,20,14,12,36,46,26,22,11,13,17,42,51,91,75,62,49,38,31,13
11,20,33,71,97,70,79,55,44,24,19,19,54,57,41,29,20,19,20,66,77,100,118,105,77,53,42,23
9,18,25,68,84,79,76,60,41,23,17,21,49,55,36,23,19,21,24,64,75,102,111,111,88,64,40,14
8,17,22,55,73,62,60,43,38,20,19,17,37,52,28,28,15,17,15,42,63,93,74,82,70,52,31,18
11,22,33,63,97,80,85,47,41,26,20,21,58,50,35,32,22,20,21,57,80,119,124,116,90,58,44,21
9,21,31,75,91,92,57,60,45,28,21,19,50,55,44,32,24,21,21,63,74,115,115,116,73,62,38,18
6,11,17,47,65,52,43,29,23,12,12,10,23,37,25,18,11,10,11,31,38,56,63,59,44,33,18,12
7,14,22,53,69,61,50,40,26,14,14,13,31,41,27,22,12,13,14,47,51,86,59,72,55,42,33,13
11,19,26,70,74,88,78,63,39,27,22,21,48,61,37,34,21,19,19,56,64,127,111,93,89,63,44,21
10,19,28,68,110,67,60,46,42,25,22,24,49,62,34,28,18,21,20,61,69,108,104,118,72,60,47,19
7,19,28,64,96,75,70,52,39,23,18,23,52,51,35,28,17,14,15,57,63,99,105,96,76,58,40,19
9,21,30,76,91,75,77,47,39,26,19,19,46,55,31,27,19,20,22,56,67,98,92,88,76,58,32,17
10,19,31,72,96,84,70,57,38,30,19,25,57,60,42,37,19,18,18,51,61,114,139,103,88,61,41,25
8,12,26,57,72,62,57,49,26,17,18,17,34,52,36,23,16,12,13,46,51,95,88,103,71,39,35,16
6,14,22,53,70,63,45,41,29,18,13,13,33,51,26,19,13,13,12,45,47,83,68,67,57,43,21,14
9,16,26,62,83,67,55,43,32,19,17,14,43,49,33,25,18,16,15,49,47,106,77,75,67,55,37,20
11,18,25,75,95,92,58,59,43,28,17,22,58,50,38,34,18,20,20,62,62,118,98,108,77,59,31,21
10,18,30,68,104,90,61,59,41,28,24,19,65,63,43,35,21,21,22,61,76,121,130,100,89,52,45,19
8,13,22,55,62,66,49,37,29,17,14,17,33,35,30,22,15,14,16,40,51,82,77,69,54,37,28,13
11,18,29,67,88,82,62,63,37,26,21,17,48,61,35,35,23,21,18,45,75,99,127,89,86,68,42,20
10,20,22,54,79,63,56,48,34,18,14,20,38,46,29,24,15,15,16,51,57,97,83,96,70,44,29,15
7,15,22,52,63,56,48,41,29,17,12,15,32,40,31,22,14,14,11,39,56,77,75,60,55,38,30,15
9,21,24,66,80,63,71,51,30,26,19,20,49,46,33,26,21,18,19,49,67,101,79,83,66,54,35,20
8,20,23,59,86,77,70,56,33,24,18,20,37,59,37,28,18,19,17,52,61,102,100,97,64,47,34,17
10,19,33,64,94,64,60,60,38,26,20,21,45,54,41,27,22,20,17,65,69,120,91,112,76,61,35,22
8,17,26,72,102,104,77,52,41,24,19,22,46,56,42,33,21,21,20,51,56,127,102,105,82,59,42,22
11,23,30,72,109,91,68,62,41,29,19,22,54,65,35,25,20,21,19,55,75,125,106,117,75,66,45,25
7,12,19,41,66,54,50,39,24,18,16,12,31,38,28,20,14,13,12,42,46,74,77,56,44,43,25,11
7,16,26,50,83,56,56,37,29,15,13,15,35,36,27,19,14,16,14,46,47,79,63,74,51,41,25,12
10,17,28,76,98,91,63,61,34,27,20,22,45,65,48,30,20,22,20,50,76,122,96,85,69,59,42,16
6,12,20,46,73,50,51,45,32,17,13,14,34,39,29,22,15,14,13,49,54,67,87,65,56,39,26,12
11,22,36,58,112,104,63,49,45,27,19,19,39,57,38,24,24,24,21,64,60,120,109,85,82,54,37,21
9,22,34,66,100,86,67,50,30,23,21,23,57,80,46,32,22,19,19,60,62,131,97,109,81,59,43,19
9,20,29,73,102,62,68,55,45,28,25,16,49,55,44,28,20,21,18,55,65,94,112,96,60,53,47,20
8,15,23,50,74,59,57,40,26,19,17,13,37,41,26,21,17,15,15,43,38,96,82,81,52,43,34,14
7,12,18,48,64,60,43,42,28,15,12,11,36,37,25,20,13,13,14,39,50,67,68,80,49,37,22,13
11,21,28,71,106,88,68,49,41,20,18,20,41,66,43,33,22,22,21,63,61,119,111,94,77,63,50,19
10,20,34,72,84,89,68,62,40,25,19,20,56,64,37,34,21,16,18,56,75,124,112,107,79,49,47,18
9,20,31,75,111,70,75,52,39,25,15,17,48,60,36,25,20,20,22,64,66,122,102,96,74,62,38,20
8,17,22,61,79,74,62,40,29,19,16,14,49,57,32,25,15,16,17,46,58,91,101,80,53,52,33,19
9,20,32,58,94,89,62,54,32,26,19,20,53,50,41,31,22,21,20,67,66,112,103,102,80,73,44,23
7,18,22,54,85,76,48,42,40,18,19,16,35,46,31,24,18,14,20,52,46,81,83,81,65,51,30,15
5,9,15,32,48,41,29,27,20,12,11,9,26,29,17,12,10,10,11,29,37,54,50,44,36,23,20,8
11,19,26,77,106,93,69,52,41,26,18,20,52,52,43,26,20,20,17,57,73,107,84,97,64,71,34,18
9,20,32,89,104,86,72,55,43,24,21,19,54,69,38,33,21,22,22,61,79,106,110,84,73,55,36,18
9,20,31,70,108,89,69,52,39,22,20,24,54,55,43,30,23,22,21,60,65,102,120,94,84,66,41,20
10,19,29,63,99,70,64,53,38,22,17,18,42,59,41,27,18,18,18,52,57,96,102,110,68,50,44,20
11,18,28,62,80,75,61,44,34,22,20,20,42,58,36,30,17,17,15,58,60,95,112,93,78,47,33,17
8,16,22,54,96,69,53,57,31,21,15,17,26,46,32,26,16,17,16,48,56,106,88,81,73,46,39,15
5,13,19,48,65,52,54,35,24,17,14,13,31,37,27,19,15,14,13,41,49,87,72,58,50,45,23,13
10,18,27,78,105,75,55,52,42,24,19,15,50,59,37,35,18,22,22,54,70,113,116,98,81,55,34,20
6,17,27,58,80,62,55,46,31,21,18,17,43,49,39,26,18,15,20,44,53,84,82,79,61,48,31,14
9,22,28,60,80,87,63,67,42,25,19,22,57,60,42,30,20,18,24,66,75,110,115,91,78,64,33,20
11,22,26,62,111,78,76,63,38,24,22,21,43,60,44,35,21,19,22,62,73,129,115,102,89,54,38,20
7,16,17,44,79,62,56,41,32,15,12,12,42,38,32,23,12,13,13,49,48,75,71,71,61,42,28,13
7,16,24,59,74,73,55,43,32,23,17,17,38,52,28,24,15,14,12,46,50,88,94,70,64,44,29,17
8,15,21,49,87,59,49,43,32,17,15,14,30,40,26,22,15,14,13,38,54,82,77,62,50,33,26,16
9,20,35,69,101,90,80,61,41,22,22,20,56,60,41,30,23,18,22,67,66,123,106,99,81,53,39,20
10,20,26,61,78,77,51,49,31,25,18,17,45,66,34,26,18,19,17,58,69,107,98,96,62,41,44,18
8,20,30,64,101,88,62,47,30,24,15,20,43,51,33,25,20,21,18,60,65,92,93,83,69,56,30,19
10,23,32,77,111,89,80,49,38,20,20,23,49,65,43,26,23,21,23,58,71,123,141,104,87,58,39,20
12,21,29,66,91,104,71,38,31,23,20,20,50,61,39,30,21,17,19,57,65,104,96,92,79,46,40,22
8,15,25,56,87,66,51,50,33,22,16,16,33,44,31,22,15,16,15,42,56,85,97,75,70,54,31,16
5,11,13,46,62,52,36,31,22,14,11,10,28,35,23,15,13,10,11,43,44,60,59,59,46,34,19,12
11,18,29,70,94,83,76,59,42,26,18,21,53,58,44,32,17,21,20,46,75,121,107,113,90,71,32,20
9,17,30,76,79,92,71,53,43,26,19,20,56,59,43,25,20,21,19,51,70,134,116,113,93,50,43,17
8,16,17,50,79,64,57,45,30,16,12,15,35,41,27,23,15,12,14,40,41,73,64,71,64,38,28,16
10,23,21,64,91,74,71,50,25,24,19,22,53,58,32,27,22,20,22,71,66,108,120,103,77,65,44,16
9,20,34,64,94,66,69,64,39,32,20,25,50,65,43,29,20,22,20,49,72,118,113,109,87,54,44,20
9,15,20,53,80,64,64,44,30,22,16,16,37,46,33,23,16,16,15,51,60,88,80,90,64,44,40,17
7,14,18,40,55,50,47,33,23,13,14,13,29,38,26,18,14,12,14,38,38,73,62,68,49,35,24,10
10,19,27,66,78,73,60,41,34,21,18,18,47,54,38,28,18,16,19,52,54,105,94,109,71,49,39,14
10,20,30,73,89,94,64,70,34,22,18,23,41,54,43,30,20,21,18,66,73,109,111,105,80,53,42,18
10,21,32,65,111,80,67,48,37,25,19,16,56,56,33,33,23,22,18,68,80,119,117,92,90,59,41,19
10,17,26,77,92,93,78,54,36,25,23,22,51,62,41,30,18,18,20,64,76,112,99,115,91,64,36,18
8,15,25,54,73,79,51,51,32,19,13,18,35,48,34,25,14,15,14,47,56,97,80,84,63,50,32,19
9,17,24,64,83,76,57,40,38,20,16,15,34,50,35,23,18,18,16,43,59,69,97,83,70,52,30,17
6,14,22,47,68,58,52,43,29,16,13,14,37,42,31,18,12,14,15,41,54,89,83,66,59,42,29,15
7,14,18,52,83,61,52,36,19,15,15,15,39,39,28,22,11,15,15,37,57,93,75,72,56,50,29,13
9,21,31,75,115,72,78,53,42,23,18,21,54,71,42,31,19,20,21,59,73,112,109,85,76,65,44,20
9,22,28,68,94,90,80,53,36,26,19,21,49,59,37,31,20,18,20,43,77,96,114,114,67,66,40,22
9,22,35,71,99,71,80,42,37,29,20,19,57,63,39,30,18,19,21,61,60,121,84,91,78,60,39,23
9,14,26,67,89,66,62,45,36,20,18,18,41,45,36,25,16,19,17,49,63,121,108,89,61,46,34,20
7,17,21,52,79,63,43,38,31,19,12,14,39,44,29,22,15,15,14,38,47,88,84,70,55,48,23,15
7,14,24,45,62,62,43,35,29,17,16,15,25,43,30,21,14,13,13,36,55,77,58,77,51,43,27,14
9,20,29,73,105,67,77,55,37,26,22,18,43,46,48,32,20,21,20,57,72,129,130,112,77,57,40,20
7,21,32,77,91,97,69,57,40,20,19,21,47,51,42,27,21,20,20,53,65,113,109,100,71,64,34,19
8,16,28,48,88,74,60,45,29,22,13,16,37,54,30,27,18,15,15,48,56,90,88,81,63,53,31,17
10,22,27,73,110,99,57,49,37,23,22,22,43,70,38,31,20,18,22,56,62,132,114,103,92,67,41,22
9,20,31,80,113,95,76,58,38,26,21,20,45,57,39,27,20,19,20,61,76,117,93,101,74,58,47,21
6,11,18,45,50,42,39,33,21,15,11,10,29,33,22,19,10,11,11,38,43,67,59,56,40,35,23,11
6,12,19,56,77,59,33,39,28,16,16,12,33,43,31,19,14,14,13,45,55,85,71,72,63,46,24,13
11,19,29,70,106,88,82,54,38,25,22,22,43,65,31,28,18,19,19,54,74,122,103,92,85,54,40,19
10,21,31,77,101,80,63,50,36,24,20,17,51,59,44,25,20,20,22,55,68,115,108,84,83,63,37,21
9,18,27,55,95,78,64,40,36,21,21,16,44,49,40,24,18,17,18,42,64,100,100,78,77,49,37,15
9,20,27,67,88,92,59,57,33,23,20,20,50,51,35,30,18,13,19,54,75,107,92,69,73,58,36,19
10,19,32,71,104,80,68,60,38,20,20,18,47,58,39,30,20,21,18,62,57,111,110,106,88,62,36,21
9,15,28,57,83,63,61,50,33,18,12,16,46,42,31,24,17,14,13,43,51,102,90,93,75,50,37,18
7,15,20,41,82,53,36,32,28,18,16,12,37,38,26,21,13,12,16,42,49,81,90,74,57,50,36,14
8,15,23,54,85,70,57,40,34,16,15,16,39,52,28,22,14,15,15,51,50,100,95,84,62,43,32,16
10,20,30,70,92,89,55,61,46,26,21,22,59,56,39,29,19,19,19,65,75,114,96,109,73,66,42,20
10,18,30,73,94,92,74,57,44,22,20,20,57,52,39,35,21,21,16,56,68,122,119,113,70,64,37,17
6,14,20,50,71,62,45,36,27,17,12,14,34,43,26,21,15,14,13,40,54,75,74,77,51,47,29,14
11,23,28,58,108,91,57,51,45,25,21,16,44,56,42,28,19,18,20,60,74,123,107,110,75,57,37,19
7,17,27,59,83,70,55,43,32,21,14,14,41,49,33,25,14,15,14,52,58,86,89,71,53,56,36,16
7,15,24,58,71,65,43,40,26,16,15,12,33,47,31,22,17,15,12,40,52,65,85,66,50,48,28,13
10,18,23,62,74,83,56,52,38,23,19,20,53,58,37,26,22,15,19,50,60,116,100,94,66,58,40,19
8,19,24,64,100,76,52,47,28,24,16,18,39,54,39,28,17,19,13,50,62,90,94,92,68,51,39,20
9,19,33,76,103,92,72,51,37,27,19,16,47,61,38,29,21,20,22,54,64,130,115,91,89,62,36,20
10,21,24,69,88,89,72,51,43,25,17,21,49,59,39,29,20,20,18,59,72,101,107,76,86,70,38,18
8,17,27,62,102,88,68,55,31,20,19,24,61,61,40,27,21,20,25,56,57,107,91,106,77,63,40,21
7,11,20,40,61,55,41,37,20,16,12,14,30,47,23,19,12,13,12,36,46,76,77,69,47,36,28,12
6,13,19,52,72,59,50,33,33,17,15,12,36,35,29,21,16,15,14,40,49,89,66,64,61,46,25,13
10,25,32,68,96,86,76,54,44,26,19,20,52,54,44,34,21,25,18,59,72,112,108,81,84,63,40,19
7,15,23,46,60,62,48,33,23,18,12,15,34,32,32,24,14,13,14,39,50,82,79,70,64,49,27,14
10,18,27,74,101,96,71,57,43,26,20,19,47,59,34,26,21,20,18,54,76,103,109,102,79,57,42,16
9,22,24,67,109,78,77,61,37,29,20,20,52,53,37,32,21,21,20,66,72,112,102,96,89,57,40,21
10,21,24,63,112,74,67,52,32,28,21,19,49,64,39,29,20,19,20,63,82,128,109,100,64,58,43,23
6,13,23,51,79,62,53,33,33,16,13,14,38,40,33,24,16,15,13,40,43,75,83,70,59,45,31,15
7,11,17,46,61,50,41,38,23,16,13,13,31,42,27,17,12,11,12,33,46,79,74,63,53,35,25,12
10,19,36,70,83,93,68,47,39,24,20,20,47,60,37,27,21,20,25,55,69,112,98,110,85,59,43,18
10,20,34,63,102,87,79,50,37,25,19,21,40,58,43,33,18,20,18,65,61,108,111,86,83,67,49,20
10,22,27,78,105,83,65,55,37,30,18,19,49,44,43,29,20,19,18,62,58,115,111,114,73,60,40,20
9,17,27,48,90,69,54,46,33,18,20,15,46,50,30,23,17,15,18,40,48,87,101,74,59,48,32,14
10,19,29,67,106,92,62,53,45,25,20,19,55,61,30,29,18,15,19,51,61,111,124,97,85,52,41,22
7,14,27,51,60,67,52,48,32,21,17,17,36,46,34,24,15,16,17,44,59,101,88,74,61,43,28,15
4,9,14,40,52,37,36,27,17,11,9,8,22,33,21,12,9,9,11,28,36,61,53,48,36,31,22,9
12,18,31,68,102,88,80,50,40,26,20,22,48,55,45,32,25,20,19,65,71,132,129,104,77,54,44,21
11,23,30,67,105,93,78,51,42,25,20,16,45,60,41,32,19,21,20,54,73,112,110,110,85,61,34,24
10,21,37,63,114,110,74,61,29,20,21,17,43,48,41,30,21,23,20,57,75,105,111,102,78,68,42,18
8,20,25,63,82,56,57,56,36,23,18,17,43,62,37,16,21,20,17,51,62,102,98,103,65,44,38,18
8,18,25,60,89,76,68,51,39,24,18,19,44,52,39,25,23,19,17,64,66,101,110,82,75,49,36,17
8,15,24,61,81,66,58,40,35,21,16,18,40,42,30,27,19,16,16,47,58,99,78,80,57,48,28,16
10,13,16,39,77,54,54,38,25,18,14,11,36,44,30,23,13,14,12,47,48,83,74,69,52,45,31,12
9,22,27,75,97,81,68,49,42,21,23,18,47,55,42,36,20,23,23,64,63,117,121,81,89,58,41,23
8,14,22,51,68,75,49,41,28,17,15,16,42,60,32,22,15,14,16,46,47,102,96,82,61,57,27,18
10,18,27,68,97,90,72,51,43,24,23,20,53,65,40,32,21,22,23,65,64,127,118,115,85,57,41,21
9,20,29,63,106,102,65,57,42,27,18,21,54,61,34,32,18,22,20,66,61,113,111,99,86,70,39,22
5,16,20,52,63,61,40,40,27,16,13,15,42,45,30,19,15,14,15,40,47,86,86,69,51,39,27,14
9,17,24,51,81,62,53,50,30,19,16,15,39,45,33,25,16,16,17,44,61,103,101,75,56,44,31,14
7,14,21,51,63,59,49,39,29,17,13,16,33,43,27,23,13,11,12,43,51,75,76,79,51,44,30,16
11,22,26,64,109,102,80,49,42,26,15,19,51,57,40,37,20,20,22,65,94,146,130,110,79,53,42,20
8,19,21,64,94,86,55,47,37,23,19,19,48,51,41,30,15,18,17,54,77,103,94,93,62,56,32,17
8,15,26,62,92,79,73,47,47,20,17,19,41,63,32,25,15,17,17,57,71,105,111,91,74,54,35,19
10,16,24,66,90,93,60,55,37,26,21,19,47,60,44,29,21,22,18,68,67,109,100,96,75,59,36,20
9,20,28,76,107,61,76,42,43,25,21,20,54,71,35,31,19,17,19,60,75,128,88,100,71,52,40,17
8,19,23,56,103,69,51,53,35,18,15,16,46,50,29,25,18,16,17,44,48,88,76,77,72,41,31,17
6,12,13,35,64,55,40,29,18,15,12,10,28,29,23,17,11,10,12,29,37,72,58,67,47,33,22,9
11,22,33,69,90,76,68,53,33,24,22,21,43,52,38,32,24,18,20,66,69,118,131,89,82,59,41,22
10,19,33,76,98,90,63,53,40,22,20,20,59,61,44,30,18,18,18,58,70,122,97,109,90,56,36,16
9,14,22,49,69,63,51,41,33,17,12,15,28,49,29,21,14,13,14,37,53,85,74,81,57,42,26,15
8,19,32,70,120,90,91,59,40,25,19,21,46,54,42,28,17,18,23,63,66,99,121,98,74,68,51,20
11,22,27,72,92,77,77,47,41,27,21,17,58,64,33,28,21,17,18,75,60,110,124,86,69,54,32,20
9,18,24,55,84,62,55,41,35,19,14,15,37,50,29,23,17,19,17,50,63,101,95,79,71,46,30,17
6,13,18,37,64,57,44,38,25,16,12,13,31,39,26,15,15,17,14,33,44,68,72,78,54,38,25,13
9,16,26,67,101,68,64,50,38,16,18,17,39,62,40,33,17,20,17,62,65,91,101,96,81,46,47,16
10,22,28,62,85,75,73,48,41,26,20,17,44,65,46,32,19,20,20,57,63,100,109,100,87,62,44,18
10,19,32,74,107,88,63,56,37,27,19,22,49,56,43,27,22,23,20,57,63,112,97,107,81,58,40,19
11,20,28,78,107,98,72,46,36,27,21,19,51,53,40,32,19,18,17,62,74,117,105,99,67,61,38,21
8,18,26,57,78,72,63,46,32,21,19,15,39,49,28,26,14,16,19,52,63,102,90,85,74,53,30,15
7,14,21,58,78,76,58,50,31,19,14,17,35,51,32,27,16,17,17,44,44,69,87,88,61,46,32,16
8,14,24,45,67,60,51,42,26,19,12,12,31,43,25,21,13,13,15,42,57,66,76,67,56,38,29,13
7,16,15,44,60,61,52,35,28,14,14,13,37,43,25,21,15,17,13,35,42,83,82,74,53,36,26,16
11,21,34,69,111,76,63,59,38,24,21,16,56,56,39,34,21,20,17,56,69,119,101,82,73,68,39,21
9,20,25,69,89,100,80,48,48,23,21,20,52,60,40,31,16,19,21,58,82,141,100,105,81,55,41,22
9,23,29,68,98,91,65,54,46,25,18,22,48,64,43,31,21,18,21,63,65,91,111,105,90,54,42,20
10,19,30,68,87,77,54,58,42,22,16,17,40,50,29,28,18,17,18,37,56,113,105,86,74,64,38,19
6,16,26,59,61,65,56,33,28,17,13,15,33,33,28,23,13,12,13,45,57,95,75,79,59,46,30,15
7,13,20,47,70,54,53,43,27,15,15,14,29,34,23,23,15,13,15,46,47,77,64,64,57,43,30,12
9,21,33,77,100,67,77,55,42,26,18,23,45,69,44,28,21,18,20,64,72,127,114,116,84,57,40,21
10,22,33,68,107,78,83,54,40,23,19,22,52,71,41,31,23,18,20,69,74,119,125,96,96,57,40,21
8,16,27,46,91,68,60,41,33,16,19,16,36,54,33,21,14,14,16,41,49,96,92,73,68,48,31,16
11,19,26,66,96,92,71,61,36,29,21,23,53,56,39,29,24,20,21,60,73,81,96,108,92,57,41,19
11,22,32,58,98,96,78,58,31,24,21,18,58,58,37,29,18,15,20,56,65,119,114,119,76,58,41,20
5,11,17,38,59,52,38,27,23,16,10,11,30,35,24,18,12,11,11,32,37,68,55,50,35,29,26,13
7,16,25,51,72,67,46,35,29,16,12,15,39,45,29,22,15,11,14,36,44,69,74,79,49,42,29,12
10,24,35,75,109,81,68,52,43,27,23,20,53,47,42,31,22,20,19,70,57,120,117,77,86,58,39,21
9,23,26,68,101,75,78,57,34,25,22,18,55,49,39,26,19,16,22,62,65,124,112,89,87,60,42,17
8,19,28,60,91,71,73,47,38,26,18,19,44,57,34,26,16,18,17,52,66,112,95,84,65,47,41,21
10,17,31,62,90,66,66,43,34,24,17,22,40,57,42,27,17,19,13,64,73,102,106,82,60,53,42,17
9,20,32,66,102,102,63,56,38,27,20,19,57,52,41,32,17,19,22,54,66,84,111,102,74,55,39,19
9,16,24,59,85,66,55,40,37,18,16,14,33,49,32,19,16,17,15,49,55,104,82,95,62,47,32,15
6,13,21,51,73,55,50,41,27,18,12,17,37,44,27,23,17,13,14,36,46,74,72,63,61,40,32,14
8,17,18,45,75,74,55,49,30,15,16,16,43,51,31,27,20,17,17,48,62,112,95,91,64,42,27,18
11,22,29,67,81,99,73,64,35,24,17,19,49,62,42,29,23,18,20,55,61,104,103,112,83,55,42,22
11,20,26,63,118,89,76,63,35,23,19,18,54,60,41,29,18,23,21,69,81,110,122,108,78,49,42,20
8,16,23,49,65,60,47,38,26,16,14,14,30,43,25,19,12,14,14,43,46,87,70,69,60,45,29,16
12,19,30,63,106,90,90,56,38,28,22,20,51,66,44,27,21,20,19,60,68,100,110,103,73,57,37,18
9,15,23,60,87,66,69,45,29,20,18,14,39,42,33,26,16,14,17,46,56,101,96,95,67,46,30,16
9,14,23,46,77,53,49,42,30,16,12,15,30,52,28,19,14,12,13,44,49,80,90,63,61,49,28,15
9,16,23,63,89,86,61,41,32,24,21,17,40,52,34,28,18,20,17,51,56,124,98,91,70,54,33,16
12,16,24,49,100,71,57,42,35,23,21,16,53,53,39,28,17,16,16,48,64,102,84,82,86,50,33,19
9,21,34,86,105,75,80,59,38,28,20,22,49,66,39,26,18,21,18,54,74,98,128,107,74,69,41,20
9,24,35,72,122,99,76,63,41,26,25,20,57,58,47,27,20,20,17,62,65,128,101,98,78,62,42,20
11,21,30,75,107,75,82,48,46,21,18,22,42,59,49,26,19,22,23,63,59,127,102,93,66,59,34,22
6,15,18,43,62,49,44,36,28,14,13,15,38,43,27,18,13,13,10,31,48,77,69,54,45,39,26,12
8,12,19,61,64,59,46,35,19,21,15,15,32,40,28,23,13,12,14,44,46,76,81,73,59,39,27,11
11,18,35,63,93,67,67,62,41,25,21,21,62,59,41,32,19,20,18,64,66,117,105,102,79,62,44,18
7,13,23,43,79,65,47,38,28,18,13,12,40,47,20,17,13,14,14,47,40,76,68,66,57,46,29,13
10,19,30,83,102,78,67,64,35,22,20,20,52,66,46,30,18,23,18,65,65,109,112,95,91,61,43,24
9,22,28,73,98,67,68,61,38,23,21,19,52,56,43,30,18,18,20,66,66,96,108,105,74,63,41,19
9,18,34,70,114,94,72,57,43,27,20,20,50,56,49,33,21,20,18,62,78,107,99,84,90,59,41,24
7,16,21,49,76,54,61,34,32,19,14,16,36,40,25,24,12,14,15,45,52,69,64,78,60,41,30,16
5,12,20,44,65,55,45,36,23,14,11,12,35,37,19,16,15,13,12,38,45,78,63,60,53,39,22,15
10,22,29,57,89,80,80,50,36,24,18,22,50,56,39,34,21,21,24,67,77,119,114,75,81,55,38,21
9,20,28,65,95,85,70,55,43,20,17,15,47,67,37,29,16,17,21,65,70,105,127,92,84,57,44,21
9,21,29,80,102,68,67,54,44,29,17,21,48,60,46,34,19,20,19,48,69,107,108,95,69,61,45,21
8,16,21,58,74,71,64,43,39,20,17,18,45,48,33,26,15,15,16,43,70,78,91,73,60,56,29,18
8,19,33,75,73,95,67,44,40,25,18,21,56,54,36,34,21,23,17,66,58,106,108,97,85,72,35,12
8,14,23,40,96,65,62,41,33,20,18,16,42,52,37,23,16,17,16,51,61,89,87,63,65,44,35,16
4,11,14,31,42,50,42,28,19,13,9,9,25,26,22,13,9,11,8,27,37,57,49,45,49,28,16,10
9,18,30,68,108,93,77,55,37,24,22,23,59,69,39,32,18,21,21,60,66,109,114,93,79,68,36,19
10,20,34,63,111,77,67,56,37,23,22,18,46,67,45,33,18,23,18,67,54,112,110,102,74,60,34,21
10,20,34,62,114,68,74,59,43,23,20,17,51,59,38,30,18,22,21,62,75,129,101,78,60,53,40,19
9,18,26,60,88,75,67,48,35,21,16,17,43,49,37,29,17,18,15,53,57,103,97,92,76,54,39,17
8,20,26,72,87,67,61,54,37,16,17,16,46,58,33,25,17,17,16,51,57,104,83,90,62,47,29,21
8,16,25,67,89,72,58,35,34,22,17,18,45,54,28,22,17,18,17,42,56,95,99,74,63,50,33,19
6,15,23,60,78,57,47,34,23,15,14,13,30,41,30,21,15,15,12,46,44,75,88,67,57,46,32,17
10,12,38,76,99,86,75,58,39,25,21,19,47,56,40,26,22,21,19,53,73,118,108,94,83,56,44,21
8,17,19,51,101,70,55,47,26,20,14,14,37,46,33,23,16,14,18,46,53,85,92,77,69,55,28,16
10,21,28,60,99,79,73,53,34,29,24,22,58,67,39,30,21,19,21,63,78,103,117,100,88,58,43,20
11,19,29,62,108,92,65,58,36,26,21,19,48,60,37,24,19,17,18,65,54,124,112,100,77,64,35,23
6,14,21,48,71,54,49,35,29,15,13,12,44,42,26,24,13,12,13,40,55,91,87,67,62,35,23,15
9,19,25,51,88,71,55,43,33,19,16,15,36,51,35,25,15,18,16,49,62,99,82,85,56,50,28,16
7,16,23,46,71,68,47,45,29,14,12,13,34,47,26,20,15,17,13,47,42,76,87,60,62,46,23,13
9,17,29,69,111,86,64,53,41,24,22,22,49,70,41,27,24,22,21,56,62,101,106,90,77,62,49,17
10,15,28,70,88,75,67,38,35,17,17,19,44,57,32,28,17,16,17,50,67,94,109,103,86,49,39,19
9,20,26,72,78,91,59,48,35,25,18,20,42,61,35,27,17,17,20,56,47,108,107,88,60,53,38,17
10,21,23,72,102,90,85,59,45,25,16,22,48,62,35,30,21,15,18,69,72,122,100,106,79,62,44,21
9,16,30,67,92,82,71,58,39,21,19,19,49,65,37,24,20,21,20,52,65,110,115,108,75,58,43,20
8,18,22,59,76,66,65,38,37,22,14,14,45,55,28,25,16,16,14,44,57,101,89,75,65,54,33,14
6,11,15,41,49,47,43,29,20,14,12,11,26,30,25,18,11,10,10,32,42,71,67,53,40,38,26,11
11,22,28,76,118,80,71,58,43,23,19,18,42,69,34,34,20,19,17,49,68,122,111,104,86,65,43,19
10,20,31,71,92,91,64,59,39,24,21,19,55,66,43,29,28,20,22,60,58,103,111,86,82,59,43,20
6,13,23,38,78,59,50,40,28,20,16,14,37,51,23,25,14,14,13,50,53,73,78,64,55,42,24,17
10,23,31,64,108,85,86,55,46,26,17,18,53,64,44,28,21,19,20,60,65,115,108,95,101,60,37,18
10,17,33,75,116,76,68,53,48,27,21,16,52,66,44,32,18,20,15,65,65,112,116,96,90,62,44,17
8,16,22,60,61,54,51,41,37,17,15,15,39,46,36,26,17,18,20,44,65,114,77,75,69,46,30,17
7,13,20,40,58,49,43,32,25,16,12,12,30,41,26,20,12,12,12,39,41,72,74,74,49,43,24,13
9,18,24,55,96,68,62,48,34,24,15,20,41,59,38,31,17,20,17,55,50,96,82,96,81,54,34,17
10,18,29,73,113,79,78,60,41,24,20,20,53,57,37,34,19,17,19,50,87,109,100,108,75,46,42,19
9,21,30,79,101,77,76,50,42,23,20,20,52,58,39,40,18,21,21,68,70,106,110,107,68,59,39,18
8,22,30,63,109,109,70,57,43,29,18,19,51,69,36,27,22,15,21,54,60,130,114,106,60,61,41,20
7,16,20,61,93,75,57,46,31,21,13,16,38,48,31,23,17,14,17,58,55,107,78,79,71,48,36,17
8,15,23,41,72,78,50,39,37,20,14,16,46,48,26,28,16,16,14,47,52,107,94,91,61,48,35,16
7,11,22,51,78,68,46,41,28,15,14,14,39,38,27,16,13,14,15,37,49,91,90,74,57,41,31,11
9,16,23,51,69,64,49,42,29,19,14,13,45,40,26,24,13,12,14,40,52,73,73,65,62,46,22,15
11,19,27,65,98,71,68,52,46,25,20,24,43,58,43,25,20,19,18,62,64,113,112,100,82,52,44,18
9,23,23,80,111,91,49,53,51,20,18,18,44,64,31,32,20,19,22,65,76,112,91,93,65,61,37,22
6,25,27,76,103,83,77,48,40,25,21,17,56,65,38,37,21,18,19,66,62,118,103,98,76,50,34,18
9,19,29,68,84,65,60,52,35,20,17,21,37,49,33,29,19,15,16,56,56,104,94,81,65,57,32,21
7,17,17,49,81,58,45,44,25,18,14,15,37,47,33,24,15,14,16,45,53,88,84,63,61,43,29,14
5,12,23,47,73,49,51,31,32,18,15,13,33,42,27,20,13,13,12,37,41,74,80,75,48,50,29,14
10,19,29,68,76,88,72,58,42,22,19,21,46,56,35,32,18,21,19,56,73,114,106,98,79,62,42,26
12,16,32,68,104,100,67,62,43,30,19,20,51,54,40,31,20,19,20,58,71,102,120,105,91,66,39,22
8,12,26,54,80,74,65,35,36,22,14,18,40,50,32,25,16,16,17,54,57,83,99,71,61,39,30,16
9,19,28,64,114,71,52,58,47,24,22,20,52,61,43,30,22,23,20,69,70,116,111,102,79,53,44,21
12,20,30,78,94,78,65,54,44,24,14,20,54,58,39,29,17,19,19,53,68,107,99,99,103,76,46,22
5,9,20,45,59,48,35,29,23,12,10,12,25,34,19,19,13,12,11,34,34,70,55,63,42,32,25,11
8,13,22,45,62,55,55,37,30,16,14,14,43,47,32,22,13,13,12,43,51,86,65,73,52,44,26,15
10,16,31,80,104,85,58,60,42,26,21,21,53,58,42,31,22,19,20,46,77,112,118,125,77,65,39,20
9,20,31,69,88,75,75,52,35,24,21,18,58,61,45,27,19,21,20,62,71,117,77,121,84,56,47,21
8,19,27,58,85,54,62,49,30,21,17,14,51,60,33,29,14,21,18,49,67,97,93,75,64,53,37,14
10,15,25,63,99,75,62,50,35,24,18,19,45,53,29,28,19,15,19,67,63,104,113,70,68,62,29,20
11,22,34,69,108,89,65,52,35,22,17,19,55,61,38,26,17,20,22,64,84,130,109,91,71,60,39,19
9,17,26,52,65,63,56,45,35,21,16,16,41,57,36,22,16,16,15,49,58,92,93,68,67,51,31,17
8,14,21,54,77,63,44,35,25,18,14,18,42,43,27,22,15,13,17,45,44,79,88,76,61,38,29,13
9,17,27,59,79,70,60,35,31,20,16,16,39,49,33,28,16,16,14,46,60,85,91,69,65,50,30,15
9,21,29,84,108,85,81,53,41,26,20,20,49,61,43,31,23,18,20,60,59,122,91,107,86,62,45,21
9,20,32,70,112,90,74,51,42,27,23,18,50,59,45,29,19,22,21,63,71,118,117,71,81,55,39,20
9,11,21,46,63,55,50,40,24,17,13,16,28,44,30,21,12,14,15,46,44,75,90,60,51,47,29,14
10,20,28,75,96,92,73,60,44,25,17,21,49,64,47,28,22,19,20,52,65,105,120,100,96,54,38,22
8,15,22,54,67,67,56,42,30,24,16,17,41,50,28,23,18,15,18,45,54,86,78,71,58,47,40,18
6,11,20,49,84,43,52,35,25,14,17,16,37,48,26,20,13,15,11,46,47,83,83,68,57,37,25,15
9,16,29,65,100,80,65,44,39,24,18,17,47,58,38,31,16,21,18,64,54,95,93,84,57,47,33,16
9,18,23,56,95,92,59,48,39,21,20,17,52,42,39,23,20,19,18,52,62,91,111,77,72,53,38,18
11,19,32,67,85,76,60,55,37,26,23,21,44,62,40,32,21,21,21,60,58,106,99,93,79,54,35,20
10,22,27,82,88,82,62,62,39,26,22,18,49,57,36,31,20,15,20,64,69,142,116,98,82,66,42,16
10,21,28,70,107,80,80,56,45,25,18,17,59,55,38,24,19,18,19,52,67,107,117,108,73,49,44,20
6,14,16,42,74,63,48,35,20,16,13,14,30,44,26,17,14,13,12,42,42,67,74,64,50,42,29,14
6,16,20,39,55,54,47,40,28,17,16,14,33,46,27,22,13,17,14,35,42,75,85,78,52,46,26,14
10,20,30,85,99,84,74,64,37,19,19,17,52,65,47,27,22,20,17,65,72,112,110,106,72,64,37,20
6,15,24,53,74,69,50,39,31,15,10,12,35,46,27,23,14,14,15,40,48,77,82,68,54,42,28,14
8,20,30,76,88,74,75,53,40,27,22,23,43,55,37,35,20,20,20,57,80,116,97,105,83,58,47,16
11,19,30,73,100,78,57,53,43,28,16,20,42,56,44,31,19,17,23,68,80,104,99,123,93,48,42,19
11,20,36,70,116,89,62,55,40,26,25,20,39,55,32,28,19,21,26,54,71,105,106,92,79,65,48,21
8,12,20,47,65,71,52,40,25,19,12,15,31,38,24,23,15,14,14,42,53,81,76,77,59,42,29,13
5,12,20,40,73,58,36,31,22,17,15,12,31,38,27,20,15,14,13,32,35,71,74,54,45,39,29,13
11,20,24,74,96,93,62,63,42,26,21,21,56,59,45,30,19,20,23,71,66,127,106,106,81,59,39,20
9,20,29,74,87,97,71,53,39,20,19,20,44,60,44,28,23,18,21,53,63,111,109,88,82,58,47,19
9,20,28,68,107,94,57,55,49,26,22,21,46,50,44,29,21,23,18,64,52,129,94,77,81,61,37,21
8,15,24,55,82,70,57,43,32,22,18,16,41,46,31,23,18,18,14,50,61,77,83,87,72,51,36,17
9,23,30,62,98,81,68,54,37,25,18,21,45,57,42,29,17,21,20,62,83,106,91,105,65,59,43,17
8,15,24,60,75,68,53,46,31,19,15,16,39,50,34,25,16,19,16,44,52,99,106,92,58,51,39,14
5,13,17,33,48,34,40,30,20,10,10,10,23,32,15,15,9,11,9,30,30,61,56,55,36,26,19,10
11,20,27,65,105,80,70,51,37,24,19,17,58,56,37,32,20,17,23,54,60,101,122,105,83,65,39,16
11,17,29,64,113,71,69,62,35,22,19,19,38,69,48,34,21,20,27,61,66,112,112,108,81,69,44,25
11,23,26,70,91,88,72,48,39,23,20,19,47,65,36,33,21,23,22,52,76,107,108,99,71,58,42,22
8,18,32,68,90,86,70,51,35,24,18,19,45,63,36,25,20,17,18,69,50,108,102,97,70,45,41,19
10,19,27,65,107,78,56,56,41,20,17,18,45,58,36,29,22,16,18,55,59,100,99,98,64,55,32,20
7,15,27,52,78,75,54,47,32,20,17,17,41,49,30,26,16,14,18,51,49,102,89,79,62,46,34,17
7,13,22,57,73,60,49,33,29,19,16,14,31,43,24,17,14,15,14,42,56,64,81,70,63,39,32,14
10,21,33,64,109,81,58,57,42,21,22,20,47,56,42,28,19,18,19,52,78,105,114,115,81,52,35,19
7,14,24,62,85,69,56,50,27,20,17,18,48,46,31,25,14,17,15,49,49,97,90,75,70,46,39,17
9,22,25,64,77,89,69,55,38,27,20,17,44,64,40,27,20,16,21,66,76,123,110,121,82,58,43,20
9,20,25,77,88,84,84,53,43,26,18,19,54,64,42,32,22,22,19,57,68,121,105,87,85,58,43,21
6,14,22,54,71,56,48,33,27,15,15,14,36,45,29,24,13,11,14,46,47,78,71,77,48,43,28,13
9,14,28,64,81,67,57,37,35,19,16,16,41,49,31,25,14,18,17,47,59,108,88,74,68,54,30,15
7,13,22,49,73,57,50,36,31,16,14,16,39,34,23,19,13,15,14,40,48,88,82,72,56,44,27,14
11,23,26,72,113,89,67,58,44,26,18,20,47,56,49,34,18,20,20,51,89,111,97,100,81,53,32,21
9,18,30,57,101,79,66,53,35,22,20,18,50,54,38,27,14,17,17,63,53,103,112,92,69,55,34,19
7,16,22,63,82,83,69,52,35,22,17,18,44,59,38,26,16,17,19,60,71,102,81,76,72,55,37,17
11,19,33,67,111,78,75,59,40,22,23,23,49,59,37,29,20,19,20,66,75,125,119,104,91,74,41,21
10,19,31,75,96,89,60,60,41,28,20,22,50,65,44,30,24,21,21,56,64,137,111,103,88,67,31,19
6,14,26,62,67,65,59,43,32,19,15,16,39,55,32,25,14,15,15,53,49,105,82,91,72,41,28,18
5,12,17,42,48,43,39,39,21,15,11,10,31,35,21,17,12,11,11,33,40,67,67,56,37,34,22,11
10,19,33,71,106,85,72,62,33,25,16,19,52,64,44,30,20,16,19,53,81,113,94,93,64,57,45,17
11,22,32,81,101,80,75,53,36,26,18,21,58,72,42,30,21,18,18,53,80,101,112,100,82,66,44,19
7,14,20,57,71,66,46,41,26,18,17,13,37,34,28,22,16,15,16,45,50,70,83,78,64,45,29,14
9,21,28,71,94,81,58,59,41,19,19,21,51,50,46,29,20,18,20,71,90,135,101,89,76,64,40,22
9,18,28,77,100,85,71,52,43,23,21,23,52,59,47,28,16,17,20,54,78,118,127,85,82,59,45,19
8,15,24,62,90,72,49,42,34,18,16,16,36,55,30,24,15,17,19,51,63,104,88,81,54,47,36,17
7,11,19,48,68,55,48,33,27,14,11,13,31,37,25,15,14,12,15,37,38,76,73,60,44,40,24,14
8,17,26,64,90,70,68,49,29,24,21,20,43,57,37,27,20,16,21,60,54,107,97,96,75,50,41,20
10,19,35,77,116,90,72,56,41,21,21,24,51,64,40,29,22,20,19,51,73,142,79,111,93,67,42,20
9,17,32,67,94,83,77,59,36,28,21,22,49,62,41,30,21,22,24,58,53,109,109,94,85,58,39,25
11,21,34,74,108,75,60,57,35,24,21,17,58,50,41,31,17,20,17,61,76,117,114,110,80,60,45,21
7,14,24,52,90,68,52,45,31,16,21,15,39,46,28,24,14,14,17,47,61,77,90,78,54,46,30,14
8,15,25,54,92,76,59,41,33,21,16,17,42,50,30,24,16,15,12,40,48,93,80,87,59,46,28,19
7,14,24,43,76,56,51,38,28,16,12,15,41,51,30,23,15,14,15,42,51,73,61,69,60,39,25,14
7,13,20,45,73,63,45,28,30,17,12,11,36,48,27,23,13,15,12,46,50,81,73,68,59,40,31,14
10,22,28,67,103,92,83,56,38,27,19,20,55,59,38,33,21,20,17,57,77,124,111,90,83,59,33,21
8,15,30,80,100,81,75,54,48,27,19,19,54,73,42,33,23,22,21,57,67,121,122,110,87,64,44,21
11,20,32,66,107,80,71,42,40,22,15,24,58,65,37,26,20,22,17,49,60,125,108,89,94,58,38,16
10,20,28,72,93,68,59,47,39,21,18,17,37,57,37,27,21,19,18,62,61,93,88,81,73,60,32,16
7,16,24,51,73,63,53,41,28,22,17,14,36,39,28,25,14,17,14,47,49,84,74,75,55,39,28,15
6,15,20,53,62,66,48,38,30,20,13,12,28,40,27,19,15,10,15,44,47,78,71,80,53,46,25,12
11,21,26,63,101,95,74,55,41,23,19,22,47,51,37,29,22,22,16,62,58,134,103,111,76,67,41,19
8,21,26,81,91,59,65,52,39,25,20,20,54,52,42,29,19,21,19,63,72,95,100,89,97,59,42,21
9,15,22,52,90,57,61,41,29,21,17,17,41,54,33,27,14,15,17,55,47,97,76,73,70,52,35,16
10,18,31,72,102,93,74,58,39,25,20,22,53,58,39,29,22,22,20,54,56,114,115,108,79,50,39,14
9,21,34,67,74,97,73,50,35,21,20,19,48,74,34,26,23,21,19,51,72,124,127,96,90,63,44,22
5,13,16,39,52,48,44,29,19,12,11,13,26,32,27,15,12,11,13,31,43,63,56,54,44,35,23,10
7,13,20,45,75,56,45,39,30,17,13,16,35,33,28,21,14,13,13,42,42,83,75,68,61,40,25,15
11,20,28,70,114,75,56,64,42,27,20,18,47,68,38,32,21,19,18,58,75,113,110,110,73,70,40,21
10,21,27,80,99,98,66,43,42,29,21,17,41,57,38,30,18,16,21,66,68,126,112,97,86,54,42,20
9,16,27,76,87,88,66,57,37,23,15,15,45,60,37,24,18,21,18,68,57,94,104,86,67,55,39,19
9,19,22,65,85,80,75,41,29,22,18,15,41,56,40,30,19,20,18,47,62,98,99,90,67,59,37,18
9,20,27,73,114,75,73,60,39,21,17,20,43,59,43,26,19,21,24,60,64,122,104,103,90,68,42,16
8,16,25,56,85,76,53,43,28,19,15,18,35,44,32,22,16,15,13,44,56,88,84,77,65,39,32,16
7,13,18,48,70,59,46,40,28,17,15,14,33,42,30,18,16,14,13,46,54,82,78,59,55,45,28,13
9,16,24,53,89,73,55,48,27,21,18,19,34,44,32,26,15,18,11,45,49,83,92,88,59,56,29,17
10,20,36,89,97,81,70,57,37,27,18,19,48,60,46,29,20,24,17,56,63,105,124,105,66,58,34,22
10,18,31,77,108,82,61,49,41,19,23,18,46,60,36,30,17,19,19,61,72,103,123,112,79,64,40,23
9,15,22,55,70,65,47,41,29,17,12,14,33,45,28,22,14,13,14,44,49,85,59,69,72,38,25,13
10,19,29,85,90,88,77,59,38,30,19,23,53,66,43,28,17,16,20,60,67,125,108,99,73,69,40,19
9,16,22,53,63,62,52,44,29,19,17,14,34,50,27,21,17,17,13,45,67,107,80,98,71,50,34,14
6,14,21,50,57,59,41,38,26,18,15,13,34,48,25,21,13,15,14,39,49,83,80,73,67,39,24,15
10,19,24,64,87,78,61,40,31,20,17,18,48,51,32,29,16,21,20,56,62,110,94,97,78,53,46,18
9,16,27,64,86,86,67,54,37,24,17,17,44,61,37,33,19,18,18,55,61,90,94,79,71,54,34,19
9,21,32,66,96,85,78,63,38,21,18,22,52,55,45,27,19,21,20,60,74,123,129,100,85,60,38,22
10,19,31,59,91,89,64,54,41,26,18,21,46,69,43,30,21,21,17,60,62,110,89,105,79,61,30,17
9,21,31,83,101,64,71,48,33,26,23,20,56,56,31,31,19,21,19,63,71,97,121,114,75,63,32,17
6,13,19,41,65,54,50,34,29,15,13,14,35,35,27,14,11,12,13,45,43,67,71,71,50,40,22,14
6,12,19,47,74,62,44,42,31,14,15,13,35,42,28,22,12,14,14,44,61,61,65,75,52,50,28,15
11,20,29,69,86,99,78,59,39,22,22,19,47,70,39,21,21,21,20,60,59,116,120,83,70,58,38,21
7,13,26,51,80,59,36,46,30,18,14,11,37,36,27,20,13,14,13,48,45,76,77,68,49,45,29,16
10,24,30,77,89,83,62,46,46,24,19,20,48,57,30,30,22,20,21,68,67,125,121,93,64,61,39,17
9,21,29,67,113,83,84,47,52,26,19,21,48,49,31,26,19,21,17,60,80,108,123,103,66,46,43,22
9,22,28,62,97,85,62,53,45,23,22,21,45,65,41,30,18,20,19,68,73,127,97,103,75,52,44,25
6,14,21,54,69,59,55,46,26,21,14,16,35,45,28,22,16,12,13,37,43,92,66,63,49,52,30,15
7,11,19,43,69,53,47,34,25,16,9,11,29,32,23,17,14,14,13,35,40,64,70,61,51,42,23,13
10,22,34,71,96,83,67,57,37,22,17,20,48,57,47,30,17,21,19,64,59,133,119,87,87,65,44,18
10,24,32,66,87,78,75,55,38,23,20,22,49,71,42,29,17,22,20,68,79,130,102,99,76,54,48,23
10,19,25,71,92,86,64,46,38,25,21,18,55,60,36,32,17,22,21,66,70,107,120,86,79,61,38,21
8,16,21,59,84,69,55,38,34,21,15,15,41,53,34,25,16,15,17,49,58,99,83,62,62,53,33,14
11,19,28,64,95,75,72,51,41,28,19,21,46,67,41,27,21,16,18,63,68,114,104,94,76,53,46,18
8,16,26,54,85,78,58,41,34,19,16,13,38,57,31,21,15,18,14,50,63,98,81,64,57,44,30,16
5,11,15,36,39,39,29,26,19,11,9,9,21,26,21,13,10,10,10,27,27,62,55,40,46,32,17,9
9,18,33,59,96,94,69,62,43,24,23,22,48,59,41,32,21,18,19,46,78,115,92,116,84,63,38,19
11,19,27,86,98,75,73,55,35,28,18,24,51,67,39,30,19,23,21,68,68,133,113,75,86,59,49,22
10,17,34,81,108,86,56,58,43,23,24,21,45,53,40,31,24,18,21,70,83,108,105,119,75,65,39,21
9,19,36,59,80,77,65,51,38,19,19,19,35,49,37,27,19,17,18,51,57,98,87,91,70,43,37,17
8,19,28,63,100,87,68,49,32,23,22,20,40,43,32,33,17,16,19,60,63,111,96,95,60,56,37,21
9,17,23,44,82,76,48,37,32,22,17,17,41,47,29,25,14,17,14,48,55,92,84,78,63,45,30,16
8,14,20,43,74,52,53,40,28,18,14,14,34,39,29,23,14,16,13,37,44,78,77,71,71,41,31,15
9,18,33,70,101,93,69,56,39,25,16,20,46,58,42,29,23,20,20,60,81,131,111,86,84,64,42,17
6,17,25,59,90,69,69,47,35,20,15,17,38,51,36,23,16,17,15,50,55,86,90,85,56,51,30,18
10,24,33,65,111,90,77,57,43,26,21,22,44,54,38,32,21,22,20,61,78,109,102,109,73,65,39,20
9,20,31,71,84,76,64,53,46,26,17,22,53,62,47,27,17,21,20,67,80,130,97,112,87,62,41,21
7,13,21,48,68,59,47,38,25,17,13,15,36,41,30,19,14,14,16,40,50,91,73,62,58,36,34,14
9,15,22,53,83,70,46,42,31,17,16,16,40,49,32,24,16,15,15,41,58,92,96,86,72,50,33,14
5,15,20,45,72,69,45,36,28,17,14,12,31,40,30,17,13,17,13,39,45,81,70,65,63,42,27,15
9,24,34,71,111,77,70,62,36,24,19,20,49,61,39,33,19,16,19,59,73,117,100,102,73,52,38,20
11,16,26,53,76,76,58,38,38,24,18,15,40,55,41,25,16,15,16,51,57,97,105,79,66,44,38,15
10,15,28,64,91,67,63,49,41,27,15,17,48,59,40,28,16,18,21,52,74,95,109,87,73,57,32,20
9,19,30,66,97,80,66,65,46,32,17,20,49,56,41,24,21,19,23,62,66,110,107,109,71,63,41,20
11,23,26,75,91,81,80,52,46,23,19,21,43,48,44,32,16,21,20,53,66,101,114,109,98,66,35,18
8,16,20,64,95,66,62,49,30,17,15,17,41,50,30,24,15,14,16,57,52,87,77,93,68,43,33,18
6,12,16,40,59,50,46,30,20,13,11,11,27,37,19,18,11,10,11,30,42,72,57,60,48,34,23,13
9,23,30,72,75,93,72,48,33,28,19,19,44,60,46,28,20,20,22,56,64,155,127,97,73,66,46,19
9,21,27,66,106,84,79,61,45,20,18,18,57,56,45,31,20,19,18,49,73,126,108,105,93,59,47,25
8,14,16,50,74,63,43,40,33,14,14,14,28,44,28,23,16,12,15,43,48,84,85,86,58,39,27,12
12,19,26,71,105,93,83,44,36,24,21,19,44,79,39,26,22,19,19,58,73,121,96,108,80,55,47,21
10,16,30,64,104,78,67,63,34,23,17,21,59,48,38,35,18,23,19,60,69,121,108,114,75,66,44,21
8,14,29,58,81,64,63,42,32,22,15,16,37,57,33,25,16,16,17,47,54,94,92,96,75,51,29,12
7,12,21,44,70,52,48,36,25,15,14,13,32,39,21,20,14,13,15,37,46,82,62,69,50,36,26,13
9,17,26,61,86,79,68,44,40,22,16,18,55,53,35,25,21,16,13,51,67,124,108,86,77,51,34,19
10,22,31,74,80,88,80,50,40,25,21,21,48,59,46,29,20,17,19,54,69,123,130,91,77,49,39,19
10,19,29,68,86,80,75,57,39,25,19,24,55,60,45,27,19,20,19,62,57,112,100,110,76,62,44,19
10,19,32,68,99,78,71,59,42,23,18,19,49,65,37,31,18,18,20,58,73,113,88,102,75,69,48,20
8,17,26,49,74,67,55,44,32,18,15,17,41,45,30,23,17,16,17,41,55,107,95,78,60,47,33,15
8,17,20,48,76,70,56,43,31,21,17,16,36,50,32,25,15,14,17,44,53,92,90,55,65,51,27,15
7,14,24,50,70,59,43,45,30,18,14,14,30,43,32,23,13,14,15,34,49,71,85,79,60,48,25,16
8,14,17,54,70,59,50,34,29,16,15,16,43,43,32,20,13,13,15,39,52,73,78,65,63,39,31,13
